language,gender,task,langtask,speaker,scenario,condition1,condition2,dur,f0mnhz,f0mdhz,f0sdhz,f0mihz,f0mahz,f0rghz ,f0mnvst,f0mdvst,f0sdvst,f0mivst,f0mavst,f0rgvst,inmn,inmd,inrange,jitloc,jitrap,jitppq5,periodsd,shimloc,shimapq11,shimapq3,h1mh2mn,slopen0114,slopen5228,mnHNR,mnNHR,jitlocvr,jitrapvr,shimlocvr,shimapq3vr,note
Japanese,M,perceptionstim,stim_jpn,9,9,pol,polite,1.402,121.3,121.6,17.8,101.7,159,57.3,82.9,83.11,2.45,0.29,8.02,7.73,68.8,61.2,36,0.02332,0.00709,0.01312,0.0011,0.14633,0.10462,0.05365,-0.86,-14.8,-16.6,8.7,0.2804,0.02332,0.00709,0.14633,0.05365,
Japanese,M,perceptionstim,stim_jpn,9,9,cas,casual,1.478,121.1,116.4,14.8,97.3,157.1,59.8,82.92,82.35,2.06,-0.47,7.82,8.29,68.9,62.1,39.2,0.02774,0.00754,0.01386,0.001,0.13176,0.12428,0.04541,2.33,-14.8,-16.8,9.8,0.2638,0.02774,0.00754,0.13176,0.04541,
Japanese,M,perceptionstim,stim_jpn,9,8,pol,polite,1.791,136.5,142.8,17.8,98,158,60,84.95,85.89,2.44,-0.33,7.92,8.25,73.1,67.8,35.2,0.01797,0.00526,0.00752,0.0013,0.11411,0.16967,0.03532,-3.52,-11.3,-23.8,11,0.1999,0.01797,0.00526,0.11411,0.03532,
Japanese,M,perceptionstim,stim_jpn,9,8,cas,casual,1.602,129.4,130.1,11.7,103.3,151.8,48.5,84.11,84.28,1.61,0.56,7.23,6.67,71.1,66.3,33.8,0.01974,0.00583,0.01017,0.0023,0.16081,0.43225,0.0511,5.66,-12.3,-24.8,9.9,0.2287,0.01974,0.00583,0.16081,0.0511,
Japanese,M,perceptionstim,stim_jpn,9,7,pol,polite,1.3,127.7,116.9,18.6,108.7,175.9,67.2,83.78,82.42,2.37,1.45,9.77,8.33,70.9,66.6,32.7,0.01726,0.0052,0.00815,0.002,0.13094,0.11943,0.02527,6.06,-13.8,-18.8,10.4,0.1832,0.01726,0.0052,0.13094,0.02527,
Japanese,M,perceptionstim,stim_jpn,9,7,cas,casual,1.247,123.5,116,13.9,110.2,157.2,47,83.28,82.3,1.85,1.67,7.82,6.15,70.6,66.3,37,0.01386,0.00352,0.0058,0.0011,0.1214,0.11331,0.04076,-2.83,-12.2,-16.2,10.4,0.1707,0.01386,0.00352,0.1214,0.04076,
Japanese,M,perceptionstim,stim_jpn,9,6,pol,polite,1.219,124.8,120,16,97.5,158.9,61.4,83.42,82.89,2.17,-0.44,7.93,8.37,71.5,69.8,30.3,0.02582,0.00974,0.01366,0.0022,0.1166,0.09612,0.04214,-5.94,-13,-18.8,10.1,0.2211,0.02582,0.00974,0.1166,0.04214,
Japanese,M,perceptionstim,stim_jpn,9,6,cas,casual,1.235,118.3,116.2,13,97.8,145.7,47.9,82.53,82.32,1.86,-0.39,6.51,6.9,69.6,68.6,33.9,0.01642,0.00534,0.00863,0.0017,0.12937,0.19106,0.04275,-2.07,-14.1,-21,11.1,0.1407,0.01642,0.00534,0.12937,0.04275,
Japanese,M,perceptionstim,stim_jpn,9,5,pol,polite,1.801,135.6,137.8,17.1,103.7,165,61.3,84.85,85.28,2.26,0.63,8.67,8.04,71.6,68.1,35.1,0.01793,0.00582,0.00912,0.0024,0.13083,0.25701,0.04596,2.6,-10.8,-18.7,10.3,0.2245,0.01793,0.00582,0.13083,0.04596,
Japanese,M,perceptionstim,stim_jpn,9,5,cas,casual,1.736,130.5,130.2,15.2,108,159,51,84.23,84.3,1.99,1.34,8.03,6.69,72.1,69.3,32.1,0.01505,0.00419,0.00696,0.0026,0.13847,0.11666,0.04519,-7.51,-11.1,-20.1,10.1,0.2071,0.01505,0.00419,0.13847,0.04519,
Japanese,M,perceptionstim,stim_jpn,9,4,pol,polite,2.035,136.1,140.5,14.9,107.1,157.3,50.2,84.95,85.62,1.98,1.2,7.84,6.64,72.4,65.4,36.7,0.01395,0.00323,0.00499,0.0011,0.1033,0.16769,0.03691,-3.17,-10,-22.7,9.6,0.1975,0.01395,0.00323,0.1033,0.03691,
Japanese,M,perceptionstim,stim_jpn,9,4,cas,casual,2.048,136.6,140.3,14.8,106.1,156.6,50.5,85.01,85.59,1.96,1.03,7.77,6.74,72.9,66.6,35.8,0.02054,0.00529,0.00788,0.0023,0.09492,0.12426,0.04292,0.62,-9.6,-22.9,9,0.2404,0.02054,0.00529,0.09492,0.04292,
Japanese,M,perceptionstim,stim_jpn,9,3,pol,polite,1.615,134.6,134.8,22,94,175.5,81.5,84.62,84.9,2.95,-1.08,9.73,10.8,74.5,70,35.4,0.01663,0.00494,0.00839,0.0012,0.10966,0.14698,0.042,-2.75,-11.7,-19.3,9.4,0.2115,0.01663,0.00494,0.10966,0.042,
Japanese,M,perceptionstim,stim_jpn,9,3,cas,casual,1.7,126.3,126.6,13.7,99.2,150.2,51,83.66,83.81,1.92,-0.15,7.04,7.18,72.7,68.1,38.8,0.01544,0.00505,0.00791,0.0018,0.12667,0.12159,0.05401,2.56,-12.3,-20.5,8.9,0.2356,0.01544,0.00505,0.12667,0.05401,
Japanese,M,perceptionstim,stim_jpn,9,2,pol,polite,1.363,151.4,159.5,20,103.2,172.8,69.6,86.72,87.81,2.61,0.54,9.46,8.91,72.2,69.2,43.8,0.01027,0.0031,0.00506,0.0017,0.11629,0.12337,0.03477,3.99,-12.8,-15.3,12.7,0.1693,0.01027,0.0031,0.11629,0.03477,
Japanese,M,perceptionstim,stim_jpn,9,2,cas,casual,1.479,149.7,149.8,4.9,137.3,160.4,23.1,86.7,86.73,0.57,5.49,8.18,2.69,72.8,67.2,40.8,0.01077,0.0037,0.00549,0.0014,0.09748,0.13566,0.02846,6.93,-12.3,-16,12.6,0.1497,0.01077,0.0037,0.09748,0.02846,
Japanese,M,perceptionstim,stim_jpn,9,1,pol,polite,1.422,121.3,111.5,19.5,97.1,175.6,78.5,82.87,81.62,2.63,-0.5,9.75,10.25,73.2,68.8,34.1,0.01473,0.00397,0.00449,0.0014,0.11621,0.17289,0.04079,-5.99,-9.2,-18.1,9.8,0.1822,0.01473,0.00397,0.11621,0.04079,
Japanese,M,perceptionstim,stim_jpn,9,1,cas,casual,1.462,123.8,122.2,15.1,92.3,155.5,63.1,83.3,83.19,2.12,-1.37,7.64,9.01,72.1,68.8,29.1,0.01205,0.00373,0.00586,0.002,0.10953,0.10829,0.04128,1.86,-8.6,-17.3,9.7,0.1937,0.01205,0.00373,0.10953,0.04128,
Japanese,M,perceptionstim,stim_jpn,9,10,pol,polite,1.351,137,138.3,15.3,105,165.5,60.5,85.06,85.33,1.99,0.84,8.72,7.88,73.8,70.6,35.1,0.01982,0.00534,0.00792,0.001,0.15917,0.17373,0.04761,-2.1,-14,-24.1,9.5,0.2001,0.01982,0.00534,0.15917,0.04761,
Japanese,M,perceptionstim,stim_jpn,9,10,cas,casual,1.425,139.7,145.8,15.8,104.8,163.3,58.6,85.4,86.25,2.04,0.82,8.49,7.67,76,73.1,31.2,0.02408,0.0071,0.00879,0.002,0.13283,0.1555,0.03834,-2.26,-11.5,-23.1,9.6,0.2229,0.02408,0.0071,0.13283,0.03834,
Japanese,M,perceptionstim,stim_jpn,1,9,pol,polite,1.441,109.5,104.4,18.5,91.1,166.2,75.1,81.09,80.47,2.61,-1.56,8.8,10.35,65.9,60.9,32.8,0.02383,0.00571,0.00848,0.0015,0.16079,0.30782,0.05137,-1.09,-16.2,-15.7,9.3,0.1767,0.02383,0.00571,0.16079,0.05137,
Japanese,M,perceptionstim,stim_jpn,1,9,cas,casual,1.312,110.5,109.6,15,90.7,144.6,54,81.3,81.31,2.29,-1.7,6.38,8.08,64.6,58.1,30.4,0.02527,0.00757,0.00883,0.0013,0.11391,0.08798,0.02741,-1.51,-17.5,-17.4,11.5,0.1513,0.02527,0.00757,0.11391,0.02741,
Japanese,M,perceptionstim,stim_jpn,1,8,pol,polite,1.775,134.2,146.6,25.2,86,166.6,80.6,84.48,86.35,3.55,-2.62,8.83,11.45,67.9,64.5,28.2,0.02087,0.00624,0.01079,0.0015,0.11115,0.16666,0.03438,6.44,-14.9,-19.8,12.3,0.1524,0.02087,0.00624,0.11115,0.03438,
Japanese,M,perceptionstim,stim_jpn,1,8,cas,casual,1.774,128.6,131.4,29.7,77.7,177.3,99.6,83.59,84.46,4.19,-4.3,9.92,14.22,68.2,64.6,30.8,0.02116,0.00566,0.01099,0.0018,0.11772,0.1239,0.03385,1.81,-14.5,-19.9,11.6,0.1473,0.02116,0.00566,0.11772,0.03385,
Japanese,M,perceptionstim,stim_jpn,1,7,pol,polite,1.294,113.2,113,15.6,83.9,156.1,72.2,81.7,81.85,2.39,-3.04,7.71,10.74,67.7,65.5,28.6,0.01837,0.00415,0.00582,0.0014,0.11006,0.08938,0.03324,1.42,-13.3,-15.3,11.3,0.1421,0.01837,0.00415,0.11006,0.03324,
Japanese,M,perceptionstim,stim_jpn,1,7,cas,casual,1.352,119.2,119.2,19.6,84.5,167,82.5,82.53,82.77,2.86,-2.93,8.88,11.8,67.5,65,28.8,0.0199,0.00495,0.00849,0.0015,0.13408,0.15034,0.04587,0.45,-13.9,-14.1,10.9,0.1744,0.0199,0.00495,0.13408,0.04587,
Japanese,M,perceptionstim,stim_jpn,1,6,pol,polite,1.322,131.9,135.4,27.5,83.9,179.6,95.6,84.12,84.97,3.79,-3.03,10.13,13.16,68.8,66.9,24.6,0.01488,0.00363,0.00617,0.0017,0.13226,0.24263,0.03821,1.93,-14.3,-16.8,12,0.1267,0.01488,0.00363,0.13226,0.03821,
Japanese,M,perceptionstim,stim_jpn,1,6,cas,casual,1.301,128.7,130.8,23,84.9,168.4,83.5,83.8,84.37,3.26,-2.81,9.02,11.84,69.1,67.2,26.7,0.0161,0.00451,0.0067,0.0015,0.10723,0.17419,0.03301,-1.11,-12.3,-13.2,11.6,0.1298,0.0161,0.00451,0.10723,0.03301,
Japanese,M,perceptionstim,stim_jpn,1,5,pol,polite,1.75,122.5,121.6,24.7,81.3,173.5,92.1,82.89,83.12,3.48,-3.57,9.53,13.1,68.6,65,25.7,0.01829,0.00487,0.00877,0.0015,0.15946,0.08145,0.05455,2.52,-12.8,-16.1,10.4,0.2021,0.01829,0.00487,0.15946,0.05455,
Japanese,M,perceptionstim,stim_jpn,1,5,cas,casual,1.709,126.3,127,23.9,86.8,171,84.3,83.47,83.86,3.27,-2.46,9.29,11.75,68.2,65.8,27.8,0.01673,0.00403,0.00751,0.0015,0.10463,0.12951,0.03197,4.08,-14.5,-17.8,11.3,0.1638,0.01673,0.00403,0.10463,0.03197,
Japanese,M,perceptionstim,stim_jpn,1,4,pol,polite,2.007,124.9,116.5,35.3,81,204.5,123.5,82.92,82.37,4.72,-3.64,12.39,16.03,67.9,64.2,33.9,0.02479,0.00866,0.01435,0.0021,0.1079,0.18273,0.03596,1.84,-15.9,-18.6,10.4,0.1803,0.02479,0.00866,0.1079,0.03596,
Japanese,M,perceptionstim,stim_jpn,1,4,cas,casual,2.097,111.5,100.1,24.8,83.1,173.5,90.3,81.22,79.74,3.58,-3.19,9.54,12.73,65.7,61.7,29.1,0.0178,0.00716,0.01055,0.0019,0.10913,0.16038,0.03948,-1.56,-14.1,-18.3,10.4,0.19,0.0178,0.00716,0.10913,0.03948,
Japanese,M,perceptionstim,stim_jpn,1,3,pol,polite,1.871,124.5,120.6,29.3,82.9,165.6,82.7,83.02,82.96,4.2,-3.25,8.73,11.98,69.4,63.7,35.5,0.01687,0.00389,0.00756,0.0025,0.11554,0.1973,0.0344,-1.31,-15.9,-18.2,11.4,0.1766,0.01687,0.00389,0.11554,0.0344,
Japanese,M,perceptionstim,stim_jpn,1,3,cas,casual,1.668,120.1,115.2,24.7,80.1,169.3,89.1,82.53,82.17,3.63,-3.84,9.11,12.95,68.5,64.6,26.9,0.02171,0.0078,0.01177,0.0018,0.14063,0.1893,0.04503,2.92,-15.9,-17.7,10.6,0.2083,0.02171,0.0078,0.14063,0.04503,
Japanese,M,perceptionstim,stim_jpn,1,2,pol,polite,1.369,143.4,150.2,20.1,85.6,158.2,72.6,85.74,86.77,2.97,-2.68,7.94,10.62,65.5,60.8,33.1,0.01312,0.00471,0.00496,0.0018,0.11589,0.15642,0.04073,0.02,-18.9,-14.1,13.3,0.1489,0.01312,0.00471,0.11589,0.04073,
Japanese,M,perceptionstim,stim_jpn,1,2,cas,casual,1.368,137.9,149.6,23.7,85.1,155.4,70.3,84.98,86.7,3.51,-2.79,7.63,10.43,64.9,63.1,34.6,0.01173,0.00369,0.00492,0.0015,0.09221,0.09042,0.02667,-4.83,-13.8,-9.2,12.4,0.1178,0.01173,0.00369,0.09221,0.02667,
Japanese,M,perceptionstim,stim_jpn,1,1,pol,polite,1.504,123.5,123.7,27.4,81.6,189.4,107.7,82.95,83.41,3.86,-3.45,11.05,14.5,68.1,66.5,22.1,0.0128,0.00308,0.00468,0.0019,0.07933,0.07463,0.02152,2.85,-13.4,-16.6,12.3,0.1169,0.0128,0.00308,0.07933,0.02152,
Japanese,M,perceptionstim,stim_jpn,1,1,cas,casual,1.405,123.3,119.3,28,87.8,186.7,98.9,82.94,82.78,3.76,-2.25,10.8,13.05,67.9,64.7,24,0.01666,0.00452,0.00578,0.0018,0.09897,0.12117,0.0352,2.76,-12.9,-15.3,11.5,0.1817,0.01666,0.00452,0.09897,0.0352,
Japanese,M,perceptionstim,stim_jpn,1,10,pol,polite,1.461,131.2,132.8,17.7,87.6,176.1,88.5,84.27,84.64,2.43,-2.29,9.79,12.08,66.9,64.5,29,0.01853,0.0056,0.00827,0.0013,0.1192,0.13992,0.03001,3.49,-16,-18.1,12.3,0.1301,0.01853,0.0056,0.1192,0.03001,
Japanese,M,perceptionstim,stim_jpn,1,10,cas,casual,1.606,114.8,113.7,10.9,94.9,140.1,45.2,82.04,81.95,1.62,-0.9,5.83,6.74,65.4,63.9,26.7,0.01774,0.00486,0.00809,0.001,0.13644,0.18796,0.06026,1.16,-17.5,-18.3,11.2,0.1571,0.01774,0.00486,0.13644,0.06026,
Japanese,M,perceptionstim,stim_jpn,12,9,pol,polite,1.499,120.8,117.5,18.1,94.1,166.6,72.5,82.82,82.51,2.46,-0.99,8.83,9.83,68.1,62.3,34.7,0.02619,0.01001,0.01604,0.0027,0.1376,0.16353,0.04685,-2.32,-21.9,-27,10.8,0.1997,0.02619,0.01001,0.1376,0.04685,
Japanese,M,perceptionstim,stim_jpn,12,9,cas,casual,1.594,117.7,113,16.7,93.6,158.6,65,82.39,81.85,2.37,-1.13,7.99,9.12,67.7,62.3,33.1,0.02011,0.00582,0.01035,0.0025,0.16769,0.0953,0.06007,2.93,-21.2,-28.7,10.6,0.1907,0.02011,0.00582,0.16769,0.06007,
Japanese,M,perceptionstim,stim_jpn,12,8,pol,polite,1.812,126.7,129.6,11.7,97,157,60,83.75,84.22,1.67,-0.5,7.81,8.31,70.2,64.5,32.8,0.01911,0.00622,0.00845,0.003,0.16278,0.29024,0.04928,5.83,-19.5,-31.8,10.2,0.2474,0.01911,0.00622,0.16278,0.04928,
Japanese,M,perceptionstim,stim_jpn,12,8,cas,casual,1.908,131.3,137,13.8,102.1,148.8,46.7,84.34,85.17,1.92,0.39,6.88,6.49,70.6,64.2,34.4,0.01805,0.00582,0.00673,0.0024,0.15969,0.28395,0.05125,6.5,-20.3,-31.2,11.7,0.2174,0.01805,0.00582,0.15969,0.05125,
Japanese,M,perceptionstim,stim_jpn,12,7,pol,polite,1.301,121.3,119.9,13.9,87.7,152.1,64.4,82.95,82.87,2,-2.28,7.26,9.54,71.1,67.7,31.9,0.01337,0.00335,0.00576,0.0026,0.1296,0.19169,0.03822,-0.87,-22.8,-29.6,11.6,0.1473,0.01337,0.00335,0.1296,0.03822,
Japanese,M,perceptionstim,stim_jpn,12,7,cas,casual,1.396,125.6,118.7,18.9,106.8,178.5,71.7,83.5,82.69,2.35,1.14,10.03,8.89,71.2,67.6,34.5,0.02122,0.00743,0.00963,0.0013,0.14679,0.17457,0.06123,3.05,-19.5,-28.6,10.1,0.2208,0.02122,0.00743,0.14679,0.06123,
Japanese,M,perceptionstim,stim_jpn,12,6,pol,polite,1.286,127.3,122.7,16,104.6,157,52.3,83.78,83.27,2.11,0.78,7.8,7.02,72.7,70.8,33.5,0.01702,0.00501,0.0077,0.0027,0.1193,0.11662,0.04606,3.77,-15.8,-31.9,11.3,0.2192,0.01702,0.00501,0.1193,0.04606,
Japanese,M,perceptionstim,stim_jpn,12,6,cas,casual,1.148,127.3,125.8,20.8,92.3,160.6,68.3,83.67,83.69,2.87,-1.38,8.19,9.57,73.8,73.2,32.6,0.03086,0.01012,0.0152,0.0018,0.14746,0.17571,0.05049,1.64,-16.6,-33.7,8.8,0.3174,0.03126,0.01025,0.14746,0.05049,
Japanese,M,perceptionstim,stim_jpn,12,5,pol,polite,1.755,125.2,120.2,14.4,109.8,161.6,51.9,83.52,82.92,1.85,1.61,8.31,6.7,73.1,68.4,31.7,0.01912,0.00552,0.00941,0.0029,0.14785,0.06508,0.05068,2.64,-17.4,-30.8,10,0.2815,0.01912,0.00552,0.14785,0.05068,
Japanese,M,perceptionstim,stim_jpn,12,5,cas,casual,1.678,127.5,121.3,16.3,100.5,158.1,57.6,83.79,83.06,2.15,0.08,7.92,7.84,72.3,68.5,29.1,0.01948,0.00777,0.00887,0.0023,0.11617,0.177,0.03993,3.51,-16.6,-34.4,11.7,0.1843,0.01948,0.00777,0.11617,0.03993,
Japanese,M,perceptionstim,stim_jpn,12,4,pol,polite,1.891,137.7,141.7,20.1,93.7,166.4,72.7,85.05,85.76,2.8,-1.13,8.81,9.94,71.4,67,30.6,0.02856,0.01117,0.01928,0.003,0.15804,0.23297,0.05376,7.41,-20.1,-31.5,9.5,0.3104,0.02856,0.01117,0.15804,0.05376,
Japanese,M,perceptionstim,stim_jpn,12,4,cas,casual,2.179,132.8,137.8,21.7,96.7,169.5,72.8,84.4,85.28,2.91,-0.58,9.13,9.71,72.5,67.6,31.5,0.01835,0.00514,0.00904,0.0027,0.13668,0.12724,0.04567,0.67,-17.6,-32.1,10.5,0.2396,0.01835,0.00514,0.13668,0.04567,
Japanese,M,perceptionstim,stim_jpn,12,3,pol,polite,1.682,123.1,121.7,14.8,101.7,162,60.3,83.21,83.13,2,0.31,8.35,8.04,71,64.1,35.4,0.01944,0.00754,0.01105,0.0029,0.13736,0.23271,0.05349,5.23,-21.4,-32.7,10.7,0.242,0.01944,0.00754,0.13736,0.05349,
Japanese,M,perceptionstim,stim_jpn,12,3,cas,casual,1.626,122.5,120.8,12.8,105.3,154.9,49.7,83.15,83,1.77,0.89,7.58,6.69,72.6,67,28.6,0.03208,0.01364,0.02045,0.0029,0.14904,0.52116,0.05128,-3.1,-18.2,-31.8,8.4,0.351,0.03208,0.01364,0.14904,0.05128,
Japanese,M,perceptionstim,stim_jpn,12,2,pol,polite,1.44,141.1,145.4,15.3,93.7,157.3,63.6,85.56,86.21,2.17,-1.13,7.84,8.96,71.4,68.6,37,0.0145,0.00503,0.00681,0.0026,0.14143,0.15684,0.04966,7.2,-20.1,-22.8,12.5,0.1991,0.0145,0.00503,0.14143,0.04966,
Japanese,M,perceptionstim,stim_jpn,12,2,cas,casual,1.338,137.5,139.1,8.7,106.6,146,39.3,85.2,85.44,1.19,1.11,6.54,5.43,71.7,69.2,38.2,0.01388,0.00427,0.00776,0.0027,0.1421,0.15174,0.04156,3.98,-20.4,-22.8,13.1,0.1511,0.01388,0.00427,0.1421,0.04156,
Japanese,M,perceptionstim,stim_jpn,12,1,pol,polite,1.421,130.9,125.3,24.8,99.5,194.9,95.5,84.1,83.64,3.09,-0.08,11.55,11.63,69,64.3,21.6,0.03362,0.01672,0.0156,0.0029,0.13157,0.14038,0.05061,-0.56,-14.4,-27.3,8.4,0.3118,0.03362,0.01672,0.13157,0.05061,
Japanese,M,perceptionstim,stim_jpn,12,1,cas,casual,1.437,119.1,110.3,19,97.9,162.8,64.9,82.54,81.42,2.65,-0.36,8.44,8.8,71.3,66.3,23.7,0.02252,0.01028,0.0116,0.0023,0.13099,0.11347,0.06022,-1.92,-14.9,-25.4,10.3,0.1959,0.02252,0.01028,0.13099,0.06022,
Japanese,M,perceptionstim,stim_jpn,12,10,pol,polite,1.502,128.8,129.9,8.6,102.3,145.3,43,84.06,84.25,1.2,0.4,6.47,6.07,71.5,68.1,32.4,0.01341,0.00331,0.00488,0.0026,0.15691,0.13979,0.04568,0.33,-20.5,-34.2,12.2,0.1692,0.01341,0.00331,0.15691,0.04568,
Japanese,M,perceptionstim,stim_jpn,12,10,cas,casual,1.404,128.2,126.2,10.9,113.7,167,53.4,83.97,83.75,1.35,2.22,8.88,6.66,72.5,69.3,30.3,0.01982,0.00586,0.0119,0.0023,0.13502,0.16132,0.04585,3.35,-18.4,-35.9,11.4,0.202,0.01982,0.00586,0.13502,0.04585,
Japanese,M,perceptionstim,stim_jpn,10,9,pol,polite,1.49,126.1,124.4,11.1,105,152.2,47.2,83.67,83.51,1.52,0.85,7.27,6.42,67.3,64.7,29.5,0.02286,0.00886,0.01331,0.0018,0.15756,0.10826,0.0621,5.53,-19.6,-22.1,12.2,0.1874,0.02286,0.00886,0.15756,0.0621,
Japanese,M,perceptionstim,stim_jpn,10,9,cas,casual,1.498,123.7,121.3,8.7,109.7,138,28.2,83.37,83.07,1.2,1.62,5.57,3.95,67,64.4,26.9,0.02083,0.00619,0.01049,0.0007,0.0906,0.09999,0.03431,3.62,-21.3,-23.2,12.3,0.1541,0.02083,0.00619,0.0906,0.03431,
Japanese,M,perceptionstim,stim_jpn,10,8,pol,polite,1.803,125.4,126.9,13,104,163.5,59.5,83.55,83.85,1.77,0.67,8.51,7.84,62.7,58.2,28.9,0.02102,0.00878,0.0149,0.0008,0.15019,0.0454,0.05985,3.33,-20.1,-29.1,10.6,0.2326,0.02102,0.00878,0.15019,0.05985,
Japanese,M,perceptionstim,stim_jpn,10,8,cas,casual,1.939,123,127.6,12.2,99.9,150.2,50.3,83.23,83.94,1.76,-0.02,7.04,7.06,67.4,64.1,33.1,0.01533,0.00464,0.00786,0.0009,0.13751,0.09073,0.04277,1.72,-19,-26.9,11.7,0.1481,0.01533,0.00464,0.13751,0.04277,
Japanese,M,perceptionstim,stim_jpn,10,7,pol,polite,1.525,128.7,126.9,13.6,107.4,162.8,55.4,84,83.84,1.77,1.24,8.44,7.2,67.8,64.8,27.8,0.01947,0.00641,0.01078,0.001,0.14026,0.14514,0.05436,11.46,-20.8,-23.4,11.3,0.1866,0.01947,0.00641,0.14026,0.05436,
Japanese,M,perceptionstim,stim_jpn,10,7,cas,casual,1.22,128,126.4,15.7,105.2,177.2,72,83.88,83.78,2.02,0.87,9.9,9.03,67.9,67.6,25.4,0.01818,0.00621,0.01264,0.0009,0.11483,0.07958,0.04337,2.22,-21,-24.8,13.2,0.1413,0.01818,0.00621,0.11483,0.04337,
Japanese,M,perceptionstim,stim_jpn,10,6,pol,polite,1.233,130.3,127.6,9.9,116.3,154.4,38.1,84.26,83.95,1.28,2.61,7.51,4.9,66,64.3,26.4,0.01086,0.00289,0.0046,0.0006,0.07892,0.08864,0.03005,3.03,-20.2,-25,14,0.0887,0.01086,0.00289,0.07892,0.03005,
Japanese,M,perceptionstim,stim_jpn,10,6,cas,casual,1.318,129.1,122.1,14,114.5,163.5,49,84.05,83.18,1.78,2.35,8.5,6.15,68.2,65.8,32.8,0.0177,0.0048,0.0069,0.0018,0.11168,0.13153,0.0391,-1.22,-21.1,-27,12.3,0.1725,0.0177,0.0048,0.11168,0.0391,
Japanese,M,perceptionstim,stim_jpn,10,5,pol,polite,1.743,137.1,133.3,18.6,110,185.7,75.7,85.05,84.7,2.21,1.66,10.72,9.06,69.1,67.7,21.5,0.01118,0.00299,0.00579,0.0016,0.11998,0.13159,0.03825,4.74,-20.7,-22.9,13.6,0.1036,0.01118,0.00299,0.11998,0.03825,
Japanese,M,perceptionstim,stim_jpn,10,5,cas,casual,1.713,128.9,125.4,15.5,97.2,165.8,68.6,84,83.65,2.03,-0.49,8.75,9.24,66.8,65,24.8,0.02377,0.00897,0.01169,0.0021,0.12824,0.10283,0.04458,4.86,-19.3,-21.9,11.5,0.2063,0.02377,0.00897,0.12824,0.04458,
Japanese,M,perceptionstim,stim_jpn,10,4,pol,polite,2.23,123.5,127.2,15.4,99.9,147.1,47.2,83.25,83.89,2.19,0.006,6.68,6.67,62,56.7,34.1,0.03187,0.01201,0.02107,0.0023,0.15764,0.24315,0.06189,1.19,-17.5,-24.1,8.1,0.3211,0.03187,0.01201,0.15764,0.06189,
Japanese,M,perceptionstim,stim_jpn,10,4,cas,casual,2.166,123.8,119.9,12.7,105,144.5,39.5,83.33,82.87,1.77,0.85,6.37,5.52,62.7,60.6,25.9,0.02223,0.00784,0.01302,0.001,0.10828,0.11734,0.04408,0.12,-18.4,-26.2,11.3,0.1944,0.02223,0.00784,0.10828,0.04408,
Japanese,M,perceptionstim,stim_jpn,10,3,pol,polite,1.604,116.6,118.2,6.9,104.5,138.7,34.2,82.35,82.62,1.03,0.76,5.66,4.9,59.2,57.6,18.8,0.02205,0.01037,0.01329,0.0006,0.16553,0.19991,0.06815,-1.35,-18.2,-25.1,9,0.2997,0.02205,0.01037,0.16553,0.06815,
Japanese,M,perceptionstim,stim_jpn,10,3,cas,casual,1.844,126.3,128.2,6.2,109.4,138.4,29,83.74,84.03,0.88,1.55,5.62,4.07,60.6,57.1,24.8,0.02419,0.01219,0.01675,0.0009,0.13578,0.1633,0.04729,-2.39,-16.8,-27.6,8.6,0.2996,0.02419,0.01219,0.13578,0.04729,
Japanese,M,perceptionstim,stim_jpn,10,2,pol,polite,1.44,132.2,133.3,6,115.4,143.9,28.4,84.54,84.7,0.81,2.49,6.3,3.8,65.2,63.8,29.3,0.01155,0.00366,0.00545,0.0005,0.13517,0.0521,0.04777,0.59,-20.8,-15.8,12.1,0.2146,0.01155,0.00366,0.13517,0.04777,
Japanese,M,perceptionstim,stim_jpn,10,2,cas,casual,1.398,136.4,139.9,8.5,114.9,146.6,31.7,85.1,85.54,1.13,2.41,6.62,4.21,66.9,65.4,27.4,0.01271,0.00501,0.00929,0.0028,0.14696,0.09496,0.05451,6.7,-20.5,-19.1,11.9,0.2475,0.01271,0.00501,0.14696,0.05451,f0 corrected
Japanese,M,perceptionstim,stim_jpn,10,1,pol,polite,1.461,120.6,119.2,12.3,100.5,154.8,54.3,82.88,82.77,1.72,0.13,7.57,7.44,67.7,65.6,25.3,0.01758,0.00614,0.01123,0.0009,0.09933,0.11561,0.03277,4.71,-14.8,-22.8,11.9,0.1679,0.01758,0.00614,0.09933,0.03277,
Japanese,M,perceptionstim,stim_jpn,10,1,cas,casual,1.593,118.1,114.3,13.9,100.4,156.2,55.8,82.49,82.05,1.96,0.07,7.72,7.65,68,64.7,24.2,0.01241,0.00376,0.00543,0.0011,0.11895,0.09626,0.03921,2.06,-16.9,-24.1,13.2,0.0977,0.01241,0.00376,0.11895,0.03921,
Japanese,M,perceptionstim,stim_jpn,10,10,pol,polite,1.416,133.2,131.2,15.8,108.6,167.6,59.1,84.58,84.43,2.01,1.42,8.94,7.52,69.5,68.7,25.1,0.01728,0.00475,0.0081,0.0009,0.1012,0.09535,0.0296,0.1,-19.8,-25.7,13.8,0.1234,0.01728,0.00475,0.1012,0.0296,
Japanese,M,perceptionstim,stim_jpn,10,10,cas,casual,1.421,137.4,140.2,12.2,111.8,157.3,45.6,85.16,85.57,1.57,1.93,7.84,5.91,69.9,68.5,24.8,0.01619,0.00489,0.00901,0.0017,0.12174,0.09657,0.0455,-2.27,-17.8,-25.1,12.8,0.1333,0.01619,0.00489,0.12174,0.0455,
Japanese,F,perceptionstim,stim_jpn,3,9,pol,polite,1.809,212.4,198.9,33.7,168.2,266.6,98.4,92.56,91.63,2.69,9,16.97,7.97,67.6,63.8,35,0.00876,0.00219,0.00431,0.0007,0.07041,0.05941,0.02168,2.48,-15.6,-20.2,15.5,0.1285,0.00876,0.00219,0.07041,0.02168,
Japanese,F,perceptionstim,stim_jpn,3,9,cas,casual,1.974,218.2,208.2,36.7,168.8,279.3,110.6,93,92.42,2.84,9.07,17.78,8.72,69.3,65.5,40.3,0.01007,0.00256,0.00489,0.0007,0.07222,0.05849,0.02032,4.72,-14,-20,16.4,0.1005,0.01007,0.00256,0.07222,0.02032,
Japanese,F,perceptionstim,stim_jpn,3,8,pol,polite,2.123,219.4,217.2,39.3,160.5,305.2,144.8,93.05,93.15,3.11,8.19,19.32,11.13,71.5,68.4,37.8,0.0098,0.0023,0.00441,0.0008,0.09814,0.08927,0.02569,2.54,-14.6,-23.3,16.9,0.0898,0.0098,0.0023,0.09814,0.02569,
Japanese,F,perceptionstim,stim_jpn,3,8,cas,casual,2.136,218.6,221.5,36,160.8,295.5,134.7,93.03,93.49,2.88,8.23,18.76,10.53,71.7,69.2,32.1,0.00793,0.00194,0.00386,0.0008,0.09152,0.09719,0.02578,2.82,-14.6,-23,17,0.0703,0.00793,0.00194,0.09152,0.02578,
Japanese,F,perceptionstim,stim_jpn,3,7,pol,polite,1.591,213.5,198.5,34,164.6,300.3,135.7,92.65,91.59,2.64,8.63,19.04,10.4,70.8,67.6,34.1,0.00895,0.00172,0.00344,0.0007,0.10271,0.09133,0.03509,2.27,-16.5,-21.1,16.3,0.0852,0.00895,0.00172,0.10271,0.03509,
Japanese,F,perceptionstim,stim_jpn,3,7,cas,casual,1.684,216.5,205.3,34.6,166.2,311.6,145.5,92.9,92.18,2.61,8.82,19.68,10.85,70.7,67.5,38.8,0.01063,0.00297,0.00575,0.0007,0.08677,0.09785,0.02097,2.22,-15.9,-19.9,15.9,0.0954,0.01063,0.00297,0.08677,0.02097,
Japanese,F,perceptionstim,stim_jpn,3,6,pol,polite,1.559,211.2,206.2,33.9,159.3,281.2,121.9,92.46,92.25,2.72,8.07,17.9,9.83,71.4,69.8,26.6,0.00923,0.00211,0.00419,0.0007,0.07428,0.07638,0.0195,2.16,-15.6,-20.7,16.7,0.0631,0.00923,0.00211,0.07428,0.0195,
Japanese,F,perceptionstim,stim_jpn,3,6,cas,casual,1.578,212,209.1,32.5,155.2,274.5,119.3,92.53,92.49,2.66,7.61,17.48,9.87,72.1,70.7,25.1,0.00791,0.00137,0.00287,0.0007,0.07712,0.10308,0.02103,-1.02,-14,-19.7,17,0.0555,0.00791,0.00137,0.07712,0.02103,
Japanese,F,perceptionstim,stim_jpn,3,5,pol,polite,1.987,224.6,219.1,35.4,164.7,298.2,133.5,93.52,93.31,2.72,8.64,18.92,10.27,69.8,68.2,34,0.00968,0.00219,0.0042,0.0014,0.08586,0.08116,0.0221,5.35,-15.2,-20.3,16.6,0.0944,0.00968,0.00219,0.08586,0.0221,
Japanese,F,perceptionstim,stim_jpn,3,5,cas,casual,2.069,225.8,217.9,34.6,169.9,307.3,137.4,93.63,93.21,2.6,9.17,19.44,10.26,70.6,69,30.2,0.0111,0.00293,0.0051,0.001,0.07423,0.07047,0.019,4.77,-14.8,-21.6,17.6,0.0675,0.0111,0.00293,0.07423,0.019,
Japanese,F,perceptionstim,stim_jpn,3,4,pol,polite,2.334,224.5,218.5,46.2,162.3,290.6,128.3,93.35,93.26,3.62,8.39,18.47,10.08,69.3,66.8,32.8,0.01223,0.00389,0.00687,0.0009,0.0819,0.06999,0.02808,4.26,-15.8,-22.9,15.1,0.1271,0.01223,0.00389,0.0819,0.02808,
Japanese,F,perceptionstim,stim_jpn,3,4,cas,casual,2.631,227.9,221.5,43.6,159,298.7,139.7,93.67,93.49,3.35,8.03,18.95,10.91,70.9,68.5,34.8,0.0109,0.00334,0.00563,0.0012,0.08738,0.09994,0.01994,3.02,-15.2,-21.1,16.1,0.0997,0.0109,0.00334,0.08738,0.01994,
Japanese,F,perceptionstim,stim_jpn,3,3,pol,polite,1.929,212.6,207.8,34.4,158.5,270.4,111.8,92.55,92.39,2.83,8,17.22,9.22,70,65.9,37.6,0.01131,0.00359,0.00654,0.0009,0.10534,0.08122,0.03004,2.19,-15.6,-21.8,14.6,0.1098,0.01131,0.00359,0.10534,0.03004,
Japanese,F,perceptionstim,stim_jpn,3,3,cas,casual,1.803,219.6,210.7,37.6,168.1,300.4,132.3,93.09,92.63,2.95,9,19,10.01,70.8,66.5,28.9,0.00936,0.00282,0.0055,0.0008,0.08029,0.07968,0.02734,3.71,-15.8,-20.9,15.8,0.0763,0.00936,0.00282,0.08029,0.02734,
Japanese,F,perceptionstim,stim_jpn,3,2,pol,polite,1.679,244.3,266.2,35.5,177.4,274.9,97.5,94.99,96.67,2.74,9.92,17.5,7.58,70.2,67.3,40.3,0.00596,0.0014,0.00278,0.0006,0.08285,0.0797,0.02559,6.87,-17.2,-18.6,17.7,0.105,0.00596,0.0014,0.08285,0.02559,
Japanese,F,perceptionstim,stim_jpn,3,2,cas,casual,1.647,240.9,264.5,40.4,168.7,282.2,113.5,94.68,96.56,3.16,9.06,17.96,8.9,70.7,68.9,36.7,0.00752,0.00201,0.00388,0.0007,0.10349,0.07887,0.03553,3.35,-16.9,-19.3,16.4,0.1118,0.00752,0.00201,0.10349,0.03553,
Japanese,F,perceptionstim,stim_jpn,3,1,pol,polite,1.649,205.4,185.7,42.4,157.3,297.3,140,91.84,90.44,3.41,7.85,18.86,11.01,69.8,66.9,26.8,0.01053,0.00197,0.00387,0.0012,0.07829,0.08111,0.0235,2.35,-13.8,-20.3,14.9,0.111,0.01053,0.00197,0.07829,0.0235,
Japanese,F,perceptionstim,stim_jpn,3,1,cas,casual,1.75,209.6,183.3,54.1,159.6,414.1,254.5,92.06,90.22,3.93,8.09,24.56,16.47,70.4,67.5,23.8,0.00914,0.00173,0.00311,0.0011,0.0832,0.06839,0.02343,6.59,-13.1,-20.2,15.2,0.0651,0.00914,0.00173,0.0832,0.02343,f0 correct
Japanese,F,perceptionstim,stim_jpn,3,10,pol,polite,1.515,234.5,234,32.7,173.6,287.4,113.8,94.31,94.44,2.45,9.61,18.27,8.65,72.6,69.8,26.7,0.00878,0.00204,0.0042,0.0006,0.07266,0.07529,0.01888,0.53,-14.4,-24.4,18.1,0.0572,0.00878,0.00204,0.07192,0.0187,
Japanese,F,perceptionstim,stim_jpn,3,10,cas,casual,1.617,233.6,239.4,31.2,173.3,284.6,111.2,94.25,94.84,2.37,9.53,18.1,8.58,72.4,70.1,36,0.01042,0.00321,0.00581,0.0006,0.08863,0.10371,0.022,1.5,-14.1,-23.5,18.4,0.0814,0.01042,0.00321,0.08863,0.022,
Japanese,F,perceptionstim,stim_jpn,2,9,pol,polite,1.603,245.6,243.7,17.9,206.5,281.3,74.8,95.23,95.15,1.27,12.55,17.91,5.35,66.8,61.2,35.8,0.01,0.00279,0.00572,0.0003,0.09206,0.06395,0.03412,1.78,-16.8,-22.4,15.8,0.1505,0.01,0.00279,0.09206,0.03412,
Japanese,F,perceptionstim,stim_jpn,2,9,cas,casual,1.603,235.3,236.8,21.5,194.2,286.1,92,94.46,94.65,1.61,11.5,18.2,6.7,67.1,60.8,36.7,0.01012,0.00285,0.00574,0.0004,0.08234,0.05632,0.02656,1.77,-17.1,-20.8,17,0.1195,0.01012,0.00285,0.08234,0.02656,
Japanese,F,perceptionstim,stim_jpn,2,8,pol,polite,2.122,223.8,229.5,31.7,173.5,287.9,114.3,93.5,94.11,2.51,9.55,18.31,8.75,68.5,65.4,39.6,0.0098,0.00215,0.00411,0.0007,0.09139,0.09733,0.02254,4.81,-14.2,-26.8,17.5,0.0761,0.0098,0.00215,0.09139,0.02254,
Japanese,F,perceptionstim,stim_jpn,2,8,cas,casual,1.975,225.3,226.9,31.7,176.5,306.9,130.4,93.62,93.91,2.44,9.83,19.41,9.58,68.2,64.2,32.9,0.0085,0.00197,0.00384,0.0006,0.09048,0.09353,0.02676,4.89,-14.8,-25.6,16.7,0.0842,0.0085,0.00197,0.09048,0.02676,
Japanese,F,perceptionstim,stim_jpn,2,7,pol,polite,1.54,227.8,223.9,28.6,181.6,329.1,147.5,93.85,93.68,2.07,10.33,20.62,10.29,65.8,64.2,32.2,0.0087,0.00176,0.00259,0.0007,0.08936,0.0918,0.02755,1.95,-16,-19.8,16.3,0.073,0.0087,0.00176,0.08936,0.02755,
Japanese,F,perceptionstim,stim_jpn,2,7,cas,casual,1.37,233.3,237.8,35,176.2,357.1,180.9,94.21,94.73,2.49,9.8,22.03,12.23,67.7,65.8,29.4,0.00704,0.00086,0.00174,0.0006,0.0721,0.06289,0.01986,6.45,-15.5,-17.5,16.4,0.0627,0.00704,0.00086,0.0721,0.01986,f0 correct
Japanese,F,perceptionstim,stim_jpn,2,6,pol,polite,1.237,232.2,227.9,33.5,177.5,309.9,132.4,94.13,93.98,2.45,9.94,19.58,9.64,71,69.3,35.2,0.00889,0.00205,0.00361,0.0007,0.09635,0.10981,0.03283,0.82,-14,-23.5,14.5,0.0796,0.00889,0.00205,0.09635,0.03283,
Japanese,F,perceptionstim,stim_jpn,2,6,cas,casual,1.171,244.9,233.8,42.6,180.9,351.5,170.5,94.99,94.43,2.87,10.27,21.76,11.49,71.8,69.8,28.3,0.00953,0.00221,0.00427,0.0007,0.09191,0.0992,0.02409,2.94,-15.4,-21.2,15.9,0.1006,0.00953,0.00221,0.09191,0.02409,
Japanese,F,perceptionstim,stim_jpn,2,5,pol,polite,1.939,233.1,240.6,31.5,178,296.9,118.9,94.22,94.92,2.36,10.01,18.84,8.83,67.4,64.5,35.1,0.01135,0.00338,0.00679,0.0006,0.07487,0.08554,0.0216,5.86,-15.7,-19.8,15.5,0.1124,0.01135,0.00338,0.07487,0.0216,
Japanese,F,perceptionstim,stim_jpn,2,5,cas,casual,1.666,245.3,231.4,45.4,174.5,351.2,176.7,94.98,94.25,3.1,9.64,21.75,12.11,69.1,65.5,28.8,0.01154,0.00262,0.00518,0.0007,0.1126,0.10195,0.03582,3.12,-14.2,-22.9,15,0.094,0.01154,0.00262,0.11295,0.03585,
Japanese,F,perceptionstim,stim_jpn,2,4,pol,polite,2.148,237.7,230.3,41.5,174.2,308,133.8,94.45,94.17,3.07,9.64,19.47,9.83,66.7,64.5,32.4,0.01345,0.00341,0.00719,0.0008,0.10162,0.10403,0.03109,5.09,-16.2,-24.4,14.5,0.1188,0.01345,0.00341,0.10162,0.03109,
Japanese,F,perceptionstim,stim_jpn,2,4,cas,casual,2.521,235.4,221.9,47.6,176.1,326.8,150.7,94.2,93.52,3.44,9.8,20.5,10.7,67.4,65.2,34.9,0.00979,0.0022,0.0047,0.0008,0.10039,0.08797,0.02564,2.23,-16,-22.3,16.2,0.0941,0.00979,0.0022,0.10039,0.02564,
Japanese,F,perceptionstim,stim_jpn,2,3,pol,polite,1.782,250,244.2,41.5,188.5,337.4,148.9,95.35,95.18,2.89,10.97,21.05,10.08,70.1,66.3,38,0.0089,0.00222,0.00459,0.0007,0.1152,0.10393,0.04321,4.89,-16.2,-23.8,15.8,0.0899,0.0089,0.00222,0.1152,0.04321,
Japanese,F,perceptionstim,stim_jpn,2,3,cas,casual,1.649,220.2,222,30.3,149.3,290.3,141,93.22,93.53,2.42,6.94,18.45,11.51,68.5,65.3,35.6,0.00812,0.00268,0.00475,0.0006,0.08971,0.06975,0.02687,0.79,-15.5,-22.4,16.8,0.0847,0.00812,0.00268,0.08971,0.02687,
Japanese,F,perceptionstim,stim_jpn,2,2,pol,polite,1.639,227.7,225.8,15.1,187,254.3,67.3,93.93,93.83,1.15,10.83,16.15,5.32,65.7,64.9,34.2,0.00582,0.00149,0.0027,0.0003,0.07316,0.08052,0.0265,8.42,-17.6,-18.5,17.2,0.0858,0.00582,0.00149,0.07316,0.0265,
Japanese,F,perceptionstim,stim_jpn,2,2,cas,casual,1.483,233.6,237.5,21.7,179,263.5,84.5,94.33,94.7,1.68,10.08,16.77,6.69,66.5,63,36,0.00856,0.00222,0.00427,0.0004,0.08052,0.09327,0.02074,6.09,-14.3,-16.6,14.7,0.1098,0.00856,0.00222,0.08052,0.02074,
Japanese,F,perceptionstim,stim_jpn,2,1,pol,polite,1.536,215.4,200.4,33.9,178.5,311.8,133.3,92.81,91.76,2.59,10.04,19.69,9.65,67.4,65.4,22.9,0.00667,0.00134,0.00259,0.001,0.06532,0.05783,0.02244,-1.25,-14,-17.8,17,0.0839,0.00667,0.00134,0.06532,0.02244,
Japanese,F,perceptionstim,stim_jpn,2,1,cas,casual,1.588,201.7,189.1,31.5,161.5,295.7,134.2,91.68,90.76,2.53,8.3,18.77,10.47,68.4,65.6,24.1,0.00958,0.00232,0.00481,0.0008,0.10043,0.09972,0.02813,2.89,-13.8,-22.1,16.9,0.0739,0.00958,0.00232,0.10043,0.02813,
Japanese,F,perceptionstim,stim_jpn,2,10,pol,polite,1.451,247.6,245.1,35.5,192.5,318.4,125.9,95.25,95.25,2.47,11.34,20.05,8.71,69.6,67.8,29.7,0.00906,0.00195,0.00338,0.0006,0.10316,0.11695,0.03,4.62,-16.7,-25.7,16.7,0.0664,0.00906,0.00195,0.10316,0.03,
Japanese,F,perceptionstim,stim_jpn,2,10,cas,casual,1.366,248.5,250.5,28.7,181.3,319.9,138.7,95.37,95.62,2.04,10.3,20.13,9.83,70.3,67.1,31.2,0.00829,0.00174,0.00323,0.0005,0.07492,0.06395,0.02237,3.08,-13.6,-23.3,16.4,0.0991,0.00829,0.00174,0.07492,0.02237,
Japanese,F,perceptionstim,stim_jpn,13,9,pol,polite,1.681,217.6,205.3,26.8,179.9,266.8,86.9,93.06,92.18,2.1,10.17,16.99,6.81,71.8,68.9,42.3,0.00774,0.00167,0.00299,0.0018,0.05362,0.0531,0.0144,0.18,-23.2,-17.3,19.5,0.0688,0.00774,0.00167,0.05362,0.0144,
Japanese,F,perceptionstim,stim_jpn,13,9,cas,casual,1.62,221.6,221.6,25.4,172.8,267.7,95,93.39,93.5,1.98,9.47,17.04,7.57,72.5,68.2,42.8,0.00925,0.0023,0.00444,0.0005,0.06326,0.05502,0.01748,6.48,-22,-17.6,18.8,0.0854,0.00925,0.0023,0.06326,0.01748,
Japanese,F,perceptionstim,stim_jpn,13,8,pol,polite,2.013,226.1,232.1,28.6,178.4,289.4,110.9,93.71,94.31,2.22,10.03,18.4,8.37,74.1,71.2,37.3,0.00923,0.00187,0.00259,0.0009,0.06485,0.06057,0.02065,10.88,-18.8,-23.2,20,0.0579,0.00923,0.00187,0.06485,0.02065,
Japanese,F,perceptionstim,stim_jpn,13,8,cas,casual,1.884,225.8,228.2,27.8,173.1,284,111,93.69,94.01,2.18,9.5,18.07,8.58,74,71.7,37.8,0.01081,0.00314,0.00593,0.0006,0.07084,0.07467,0.02284,8.5,-17.6,-25,19.7,0.0847,0.01081,0.00314,0.07084,0.02284,
Japanese,F,perceptionstim,stim_jpn,13,7,pol,polite,1.461,218.7,218.4,17.8,172.7,269.4,96.7,93.22,93.25,1.41,9.46,17.16,7.7,71.7,70.6,39.2,0.00893,0.00252,0.00285,0.0016,0.07773,0.0514,0.02952,-1.22,-19.2,-19.8,18.8,0.047,0.00893,0.00252,0.07773,0.02952,
Japanese,F,perceptionstim,stim_jpn,13,7,cas,casual,1.494,196.5,214.3,51.9,91.6,266.7,175,90.57,92.93,5.91,-1.51,16.98,18.49,72.4,69.6,39.5,0.00723,0.00204,0.00336,0.0017,0.06875,0.07501,0.02659,-2.26,-17.6,-19.1,17.1,0.0531,0.00723,0.00204,0.06875,0.02659,
Japanese,F,perceptionstim,stim_jpn,13,6,pol,polite,1.242,233.9,237.8,28.4,171.9,303.9,132.1,94.31,94.72,2.16,9.38,19.25,9.86,77,76.1,36,0.00752,0.00148,0.00305,0.0005,0.06211,0.05541,0.01741,8.53,-20.2,-19.8,20.5,0.0413,0.00752,0.00148,0.06211,0.01741,
Japanese,F,perceptionstim,stim_jpn,13,6,cas,casual,1.205,220.9,219.3,22.4,177.6,271.8,94.3,93.36,93.32,1.75,9.94,17.29,7.35,74.7,72.9,37.5,0.00768,0.00184,0.00376,0.0005,0.06274,0.06529,0.02049,5.93,-20.5,-21.2,19.4,0.0572,0.00768,0.00184,0.06274,0.02049,
Japanese,F,perceptionstim,stim_jpn,13,5,pol,polite,1.946,235.2,236.1,29.3,169.4,300.1,130.6,94.39,94.6,2.21,9.13,19.02,9.89,74.9,74.1,34.3,0.01002,0.0023,0.0046,0.0007,0.07119,0.07605,0.02215,12.84,-20.9,-12.9,20.2,0.0616,0.01002,0.0023,0.07119,0.02215,
Japanese,F,perceptionstim,stim_jpn,13,5,cas,casual,1.975,221.3,228.8,42,91,283.3,192.4,93.03,94.05,4.41,-1.64,18.03,19.67,74.6,73.1,31.2,0.00871,0.00219,0.00414,0.0012,0.065,0.07083,0.02181,10.69,-19.7,-22.8,20.6,0.0652,0.00871,0.00219,0.06507,0.02181,
Japanese,F,perceptionstim,stim_jpn,13,4,pol,polite,2.294,235.1,235.2,40.1,167,293.4,126.3,94.27,94.53,3,8.88,18.63,9.75,74,69,41.3,0.0115,0.00295,0.00562,0.0007,0.06797,0.07533,0.01991,7.39,-19.9,-21.9,17.4,0.098,0.0115,0.00295,0.06797,0.01991,
Japanese,F,perceptionstim,stim_jpn,13,4,cas,casual,2.219,220.8,214.7,39.2,98.2,282.1,183.8,93.12,92.95,3.47,-0.27,17.85,18.12,74.3,69.3,34.9,0.01058,0.00341,0.00595,0.001,0.06668,0.05203,0.01945,6.53,-19.2,-21.2,19.1,0.0801,0.01058,0.00341,0.06646,0.01919,
Japanese,F,perceptionstim,stim_jpn,13,3,pol,polite,1.825,216.3,202.9,34.7,161.9,288.4,126.5,92.86,91.98,2.71,8.36,18.33,9.97,72.3,68,34.7,0.01098,0.00318,0.00593,0.0007,0.09218,0.07403,0.02428,7.23,-18.6,-21.9,16.7,0.0957,0.01098,0.00318,0.09218,0.02428,
Japanese,F,perceptionstim,stim_jpn,13,3,cas,casual,1.699,213.9,199.1,31.2,163.3,274.9,111.6,92.71,91.64,2.47,8.49,17.51,9.01,71.5,69,37.9,0.00949,0.00303,0.00525,0.0007,0.07823,0.06791,0.02819,7.04,-18.1,-20.5,16.6,0.0793,0.00949,0.00303,0.07823,0.02819,
Japanese,F,perceptionstim,stim_jpn,13,2,pol,polite,1.517,224.4,233.7,23.9,178,261.1,83.1,93.61,94.42,1.93,9.98,16.61,6.63,73.3,68.7,40.1,0.00987,0.00258,0.0052,0.0005,0.08774,0.07665,0.03062,9.92,-19.5,-18.4,18.2,0.101,0.00987,0.00258,0.08774,0.03062,
Japanese,F,perceptionstim,stim_jpn,13,2,cas,casual,1.47,224.8,231.1,21.6,178.7,259.3,80.6,93.67,94.23,1.73,10.12,16.49,6.36,73.3,70.4,42,0.00792,0.00179,0.00339,0.0007,0.08468,0.10423,0.02159,7.59,-20,-16.9,18.3,0.0806,0.00792,0.00179,0.08468,0.02159,
Japanese,F,perceptionstim,stim_jpn,13,1,pol,polite,1.334,220.3,215.9,32.5,173.9,313.9,140,93.22,93.05,2.49,9.58,19.8,10.23,76.3,73.7,31.5,0.0094,0.00284,0.00513,0.0007,0.06512,0.06486,0.02115,10.15,-21.2,-21.6,19.7,0.0546,0.0094,0.00284,0.06512,0.02115,
Japanese,F,perceptionstim,stim_jpn,13,1,cas,casual,1.598,220.7,219.3,30,171.3,304.3,133,93.28,93.32,2.25,9.44,19.27,9.83,74.9,70.6,27.8,0.00812,0.00233,0.00453,0.0006,0.05107,0.04319,0.02149,13.56,-19.7,-18.9,19.6,0.0592,0.00812,0.00233,0.05107,0.02149,
Japanese,F,perceptionstim,stim_jpn,13,10,pol,polite,1.563,233.3,239,25.7,184.6,283.1,98.5,94.29,94.81,1.96,10.64,18.02,7.38,75.2,74.5,38.3,0.00973,0.0032,0.00549,0.0005,0.06848,0.06225,0.02494,6.76,-18.4,-22.8,18.5,0.0807,0.00973,0.0032,0.06848,0.02494,
Japanese,F,perceptionstim,stim_jpn,13,10,cas,casual,1.508,231.3,237.8,25,183.3,296.9,113.6,94.14,94.72,1.9,10.49,18.84,8.35,74.7,74,30.1,0.00791,0.00215,0.00413,0.0005,0.07759,0.06906,0.02802,5.24,-16,-21.2,20,0.0483,0.00791,0.00215,0.07759,0.02802,
Japanese,F,perceptionstim,stim_jpn,11,9,pol,polite,1.735,230.4,231.9,34.5,100.7,286.6,185.9,93.92,94.29,3.27,0.12,18.23,18.11,64.5,63.1,31.2,0.01195,0.00397,0.00454,0.0014,0.07891,0.07368,0.02818,4.82,-20.6,-19.6,14.3,0.1498,0.01195,0.00397,0.07891,0.02818,
Japanese,F,perceptionstim,stim_jpn,11,9,cas,casual,1.651,232.7,232.8,37.2,94.6,284,189.4,94.04,94.36,3.61,-0.96,18.07,19.03,66,63.8,29.9,0.00884,0.0022,0.00425,0.0012,0.11451,0.09711,0.04122,1.68,-19.3,-20.7,14.2,0.1598,0.00884,0.0022,0.11506,0.04129,
Japanese,F,perceptionstim,stim_jpn,11,8,pol,polite,1.993,231.7,248.1,42.9,103.9,300.3,196.4,93.85,95.46,4.23,0.66,19.04,18.38,68.7,65.9,27.8,0.00791,0.00205,0.00299,0.0012,0.08765,0.07508,0.02552,1.92,-16.3,-23.9,17.2,0.0742,0.00791,0.00205,0.08765,0.02552,
Japanese,F,perceptionstim,stim_jpn,11,8,cas,casual,1.878,241.1,241.8,18.9,196,309.2,113.2,94.91,95.01,1.33,11.65,19.54,7.89,68.2,65.6,27.4,0.00875,0.00293,0.00479,0.0003,0.07606,0.07319,0.02245,5.77,-17,-25.3,17,0.084,0.00875,0.00293,0.07606,0.02245,
Japanese,F,perceptionstim,stim_jpn,11,7,pol,polite,1.682,202.1,218.7,52.8,108.7,295.4,186.6,91.17,93.27,5.38,1.46,18.75,17.29,65.6,64.1,30.6,0.00844,0.00237,0.00433,0.0004,0.0836,0.06745,0.03574,8.84,-20.9,-19.9,16.5,0.0786,0.00844,0.00237,0.0836,0.03574,
Japanese,F,perceptionstim,stim_jpn,11,7,cas,casual,1.493,214.3,221,45.4,97.4,299.1,201.6,92.39,93.45,4.71,-0.45,18.97,19.41,67.3,64.6,33,0.00746,0.00177,0.00289,0.0014,0.10089,0.12198,0.03394,-2.92,-20.5,-23.5,15.8,0.0663,0.00746,0.00177,0.10089,0.03394,
Japanese,F,perceptionstim,stim_jpn,11,6,pol,polite,1.32,228.9,223.7,22.4,199.5,283.4,83.9,93.99,93.67,1.61,11.95,18.03,6.08,67.6,66.7,28,0.00632,0.00139,0.0028,0.0005,0.07704,0.06627,0.02218,2.03,-18.2,-23.6,17.6,0.0715,0.00632,0.00139,0.07704,0.02218,
Japanese,F,perceptionstim,stim_jpn,11,6,cas,casual,1.348,207.5,219.9,45.8,96,264.3,168.3,91.78,93.37,4.91,-0.63,16.83,17.46,69.8,68.9,20.9,0.0093,0.00265,0.00444,0.0013,0.07646,0.07014,0.0294,0.55,-18.2,-22.9,16,0.0839,0.0093,0.00265,0.07646,0.0294,
Japanese,F,perceptionstim,stim_jpn,11,5,pol,polite,1.81,248.3,245.8,25.7,199.9,316.2,116.2,95.38,95.3,1.74,12,19.93,7.93,67.4,66.5,20.1,0.00947,0.0025,0.00475,0.0005,0.09283,0.10292,0.03257,1.47,-19.7,-19.6,16.3,0.1073,0.00947,0.0025,0.09283,0.03257,
Japanese,F,perceptionstim,stim_jpn,11,5,cas,casual,1.988,211.9,223.3,56.5,103.1,301.1,198,91.94,93.63,5.59,0.53,19.08,18.56,67.1,65.4,31.4,0.01043,0.00357,0.00591,0.0019,0.09199,0.08808,0.03025,0.87,-19.4,-21.5,14.3,0.1213,0.01043,0.00357,0.09199,0.03025,
Japanese,F,perceptionstim,stim_jpn,11,4,pol,polite,2.125,243.5,246.7,35.7,99,327.3,228.4,94.89,95.36,3.12,-0.18,20.51,20.69,65.9,63.8,28.9,0.00902,0.00239,0.00462,0.0011,0.10106,0.11174,0.02975,5.63,-18.1,-21.9,15.6,0.1233,0.00902,0.00239,0.10106,0.02975,
Japanese,F,perceptionstim,stim_jpn,11,4,cas,casual,2.298,200,240.9,79,96.9,289.6,192.7,90.07,94.95,7.94,-0.54,18.41,18.95,65.7,63.7,25.8,0.01189,0.00469,0.00702,0.0025,0.11456,0.10219,0.04217,-0.44,-18.8,-23.1,13.9,0.1465,0.01189,0.00469,0.11456,0.04217,
Japanese,F,perceptionstim,stim_jpn,11,3,pol,polite,1.788,233.1,247.7,48.5,104,298.5,194.4,93.83,95.43,4.8,0.68,18.92,18.24,65.1,62,31,0.01364,0.00421,0.00667,0.0017,0.10955,0.08957,0.04065,-0.61,-19.4,-20.3,11.8,0.1845,0.01364,0.00421,0.10955,0.04065,
Japanese,F,perceptionstim,stim_jpn,11,3,cas,casual,1.855,222.1,223.1,18.3,191.1,283.6,92.5,93.49,93.62,1.41,11.21,18.05,6.83,64.3,63.9,26.6,0.00767,0.00255,0.00422,0.0006,0.08528,0.07827,0.03145,7.31,-21.3,-19.9,15.6,0.0977,0.00767,0.00255,0.08528,0.03145,
Japanese,F,perceptionstim,stim_jpn,11,2,pol,polite,1.655,245.5,255.6,26.2,202.8,287.5,84.7,95.18,95.98,1.9,12.24,18.27,6.03,65.4,60.5,36.1,0.00743,0.00235,0.00435,0.0004,0.06219,0.0606,0.01787,4.88,-18.7,-18.8,16.2,0.0995,0.00743,0.00235,0.06219,0.01787,
Japanese,F,perceptionstim,stim_jpn,11,2,cas,casual,1.512,237,238.8,14.9,204.9,275.7,70.8,94.63,94.8,1.12,12.42,17.56,5.14,63.9,61.9,29.9,0.00643,0.00178,0.00298,0.001,0.08654,0.08599,0.02901,0.71,-18,-17.3,15.5,0.0849,0.00643,0.00178,0.08654,0.02901,
Japanese,F,perceptionstim,stim_jpn,11,1,pol,polite,1.533,231.3,223.8,31.8,187.6,333,145.4,94.09,93.67,2.23,10.89,20.83,9.94,67.3,65,26.5,0.00976,0.00268,0.00319,0.0015,0.05699,0.06029,0.02131,3.98,-20.3,-22.6,16.7,0.0884,0.00976,0.00268,0.05699,0.02131,
Japanese,F,perceptionstim,stim_jpn,11,1,cas,casual,1.545,193.9,211.5,60.3,94.9,302.5,207.7,90.14,92.69,6.39,-0.91,19.17,20.08,66.4,65.5,18.8,0.00969,0.00257,0.00452,0.0024,0.06178,0.05167,0.02769,1.81,-19.8,-21.2,16.1,0.0949,0.00969,0.00257,0.06178,0.02769,
Japanese,F,perceptionstim,stim_jpn,11,10,pol,polite,1.531,245.7,251.8,20.5,194.7,287,92.3,95.23,95.71,1.49,11.54,18.25,6.72,67.7,67.7,28.6,0.00793,0.00209,0.00346,0.0005,0.06817,0.0643,0.02563,5.33,-16.6,-24,17.1,0.089,0.00793,0.00209,0.06817,0.02563,
Japanese,F,perceptionstim,stim_jpn,11,10,cas,casual,1.792,223.9,225.6,16.4,190.5,286.8,96.3,93.64,93.81,1.25,11.17,18.14,6.96,66.9,66.6,32.8,0.0063,0.00154,0.00261,0.0003,0.09561,0.0852,0.03654,4.45,-17.7,-23.5,17.1,0.0582,0.0063,0.00154,0.09561,0.03654,
