language,gender,task,langtask,speaker,scenario,condition1,condition2,dur,notes,f0mnhz,f0mdhz,f0sdhz,f0mihz,f0mahz,f0rghz,f0mnvst,f0mdvst,f0sdvst,f0mivst,f0mavst,f0rgvst,inmn,inmd,inrange,jitloc,jitrap,jitppq5,periodsd,shimloc,shimapq11,shimapq3,h1mh2mn,slopen0114,slopen5228,mnHNR,mnNHR,jitlocvr,jitrapvr,shimlocvr,shimapq3vr
Korean,F,epr,epr_kor,2,10,con,polite,8.577,,195.5,193,24.4,144.5,244,99.5,91.2,91.11,2.17,6.37,15.44,9.07,59.2,56.3,30.6,0.01242,0.00371,0.00675,0.0011,0.12101,0.12134,0.05202,3.6,-13.5,-14.7,11,0.1901,0.01242,0.00371,0.12101,0.05202
Korean,F,epr,epr_kor,2,10,pan,casual,7.151,,188.5,185.6,32.1,82.6,286,203.3,90.41,90.43,3.36,-3.3,18.19,21.49,61.3,57.3,32.5,0.01248,0.0037,0.00682,0.001,0.11701,0.10675,0.04364,3.29,-11.6,-19.6,11.6,0.1686,0.01248,0.0037,0.11701,0.04364
Korean,F,epr,epr_kor,2,1,con,polite,7.208,,206.5,209.3,37.9,78.2,269.3,191.2,91.94,92.51,3.59,-4.26,17.15,21.41,58.9,56.7,30.5,0.01122,0.00306,0.00535,0.0011,0.09697,0.07852,0.04123,4.58,-15.3,-16,12.3,0.1537,0.01122,0.00306,0.09669,0.04103
Korean,F,epr,epr_kor,2,1,pan,casual,4.064,,199.6,194.2,47.4,90.3,288,197.7,91.15,91.21,4.48,-1.77,18.31,20.08,59.5,57.6,26.5,0.0142,0.00386,0.00583,0.0015,0.12553,0.13205,0.04939,0.49,-13.5,-16.8,10.4,0.182,0.0142,0.00386,0.12463,0.04878
Korean,F,epr,epr_kor,2,2,con,polite,7.413,,190.3,184.8,26.3,140.8,251.5,110.7,90.7,90.36,2.39,5.92,15.96,10.04,58.8,57,29.1,0.01049,0.00285,0.0052,0.001,0.1092,0.09745,0.04493,3.96,-17.5,-12.6,13,0.1541,0.01049,0.00285,0.1092,0.04493
Korean,F,epr,epr_kor,2,2,pan,casual,5.886,,193.7,188.5,29.6,80.8,263.4,182.6,90.96,90.7,2.81,-3.7,16.72,20.42,61.1,58.2,31.2,0.01134,0.00308,0.00526,0.0011,0.12594,0.12488,0.04863,2.17,-14.1,-16.8,11.5,0.1731,0.01134,0.00308,0.12611,0.04863
Korean,F,epr,epr_kor,2,3,con,polite,8.895,,210.4,209.1,36.8,95.1,291.5,196.4,92.31,92.5,3.35,-0.88,18.52,19.39,58,55.4,28.6,0.0094,0.00242,0.00462,0.0012,0.10006,0.08724,0.03781,3.14,-13.9,-14.8,13.3,0.1352,0.0094,0.00242,0.10006,0.03781
Korean,F,epr,epr_kor,2,3,pan,casual,7.508,,194.8,201.6,55.6,83.2,286.2,203,90.36,91.86,6.02,-3.17,18.2,21.37,58,55.6,27.8,0.01415,0.00386,0.00709,0.0018,0.10799,0.09487,0.04677,2.51,-15.7,-19.2,12.8,0.1501,0.01415,0.00386,0.10799,0.04677
Korean,F,epr,epr_kor,2,4,con,polite,9.65,,197.3,200.1,27.8,75.5,263.8,188.3,91.28,91.74,2.91,-4.86,16.79,21.65,60.7,58.3,28.7,0.01128,0.00353,0.00643,0.0009,0.1152,0.10239,0.04526,1.98,-14.6,-12.5,12.4,0.1581,0.01128,0.00353,0.11534,0.04527
Korean,F,epr,epr_kor,2,4,pan,casual,8.303,,210.8,210.1,35,93.1,285.9,192.8,92.36,92.58,3.19,-1.24,18.18,19.42,61.3,58.4,33.6,0.01095,0.0031,0.00563,0.0009,0.12231,0.12099,0.04947,2.74,-11.2,-15.1,12.1,0.1523,0.01095,0.0031,0.12237,0.04945
Korean,F,epr,epr_kor,2,5,con,polite,7.097,,191.6,187,25.2,94.7,252.6,157.9,90.83,90.56,2.39,-0.94,16.04,16.98,59.3,57.3,28.1,0.01229,0.00373,0.0064,0.0009,0.10712,0.10379,0.04352,3.81,-14,-15.2,11.8,0.1669,0.01229,0.00373,0.10712,0.04352
Korean,F,epr,epr_kor,2,5,pan,casual,5.242,,212.3,214.7,34.2,82,286.4,204.3,92.49,92.96,3.27,-3.41,18.21,21.63,61.6,58.8,29.4,0.01036,0.00266,0.00424,0.0011,0.11079,0.1068,0.04631,-0.02,-12.6,-17.9,12.4,0.1404,0.01036,0.00266,0.11079,0.04631
Korean,F,epr,epr_kor,2,6,con,polite,9.203,,203.1,201.1,41.1,83.3,298.8,215.6,91.62,91.82,3.68,-3.17,18.95,22.12,59.6,57.6,26.7,0.01194,0.00349,0.00547,0.0012,0.11925,0.10952,0.05105,4.59,-14.1,-14.5,12.2,0.171,0.01194,0.00349,0.11908,0.05095
Korean,F,epr,epr_kor,2,6,pan,casual,7.902,,201.8,199.1,40.9,80.1,277.8,197.7,91.46,91.65,4,-3.84,17.68,21.52,61.6,59.1,29,0.01185,0.0034,0.00578,0.0012,0.11865,0.1267,0.04517,2.38,-11.4,-16.4,12,0.1694,0.01185,0.0034,0.11883,0.0452
Korean,F,epr,epr_kor,2,7,con,polite,9.09,,184.8,177.9,23.8,148.1,242.2,94.1,90.22,89.7,2.17,6.8,15.3,8.5,58.2,56.8,28.6,0.01282,0.00399,0.00784,0.0007,0.10443,0.09492,0.04368,5.7,-16.8,-14.4,12.4,0.1621,0.01282,0.00399,0.10443,0.04368
Korean,F,epr,epr_kor,2,7,pan,casual,7.237,,189.5,181.6,27.9,83.9,257.8,173.9,90.6,90.05,2.67,-3.03,16.4,19.43,59.1,57.3,29.8,0.01139,0.00357,0.00622,0.0008,0.11548,0.09319,0.04927,4.61,-14.6,-17.5,12.2,0.1433,0.01139,0.00357,0.11548,0.04927
Korean,F,epr,epr_kor,2,8,con,polite,8.671,,192.1,189,24.7,141.9,249.9,108,90.89,90.74,2.21,6.05,15.85,9.8,58.4,56.2,27.4,0.01313,0.00353,0.00586,0.0009,0.1204,0.12008,0.04666,4.02,-16.1,-14.4,11.8,0.1632,0.01313,0.00353,0.1204,0.04666
Korean,F,epr,epr_kor,2,8,pan,casual,7.204,,194.7,187.1,31,142.3,292.3,149.9,91.06,90.58,2.6,6.12,18.57,12.45,59.4,57.7,28.2,0.01249,0.00372,0.00701,0.0009,0.13206,0.14346,0.04805,5.58,-14.9,-17.5,12.1,0.1677,0.01249,0.00372,0.13206,0.04805
Korean,F,epr,epr_kor,2,9,con,polite,9.232,,185.6,183.8,41.7,76.3,290,213.7,89.91,90.26,4.51,-4.68,18.43,23.11,59,57.1,29.1,0.01262,0.00385,0.00662,0.0013,0.11999,0.10276,0.04868,3.56,-14.1,-16.2,11.4,0.1954,0.01262,0.00385,0.1201,0.0487
Korean,F,epr,epr_kor,2,9,pan,casual,7.326,,191,184.1,38.7,81,274.9,193.9,90.52,90.29,3.98,-3.65,17.51,21.16,58.9,56.2,26.3,0.01157,0.00369,0.00639,0.0011,0.12595,0.11093,0.05395,6.11,-12.7,-20.1,11.1,0.1848,0.01157,0.00369,0.12579,0.05391
Korean,F,epr,epr_kor,4,10,con,polite,10.214,,190.7,187.1,28.9,129.4,293,163.5,90.7,90.57,2.62,4.46,18.61,14.14,73.5,68.3,42.8,0.01249,0.00294,0.0056,0.0008,0.08113,0.06713,0.02391,2.51,-14.3,-18.6,15.8,0.1079,0.01249,0.00294,0.08102,0.02385
Korean,F,epr,epr_kor,4,10,pan,casual,8.529,,183.5,174.1,33.7,125.3,271,145.7,89.97,89.33,3,3.98,17.26,13.28,72.9,67.6,44.4,0.01287,0.00286,0.00571,0.001,0.08924,0.08463,0.02483,3.89,-13,-18.8,14.5,0.1295,0.01287,0.00286,0.08924,0.02483
Korean,F,epr,epr_kor,4,1,con,polite,8.138,,195.9,200.2,36.2,123.1,290.7,167.6,91.06,91.74,3.25,3.6,18.48,14.87,73.1,69.8,43.1,0.01262,0.00281,0.00562,0.001,0.0782,0.07319,0.02359,5.61,-16,-20.4,16.4,0.1018,0.01262,0.00281,0.07822,0.0236
Korean,F,epr,epr_kor,4,1,pan,casual,5.873,,218.8,217.7,38.7,137.3,292.3,155,92.99,93.19,3.2,5.48,18.56,13.08,74.6,71.1,42.9,0.0121,0.00232,0.00456,0.001,0.07349,0.07604,0.02032,5.97,-13.1,-20.3,15.6,0.1094,0.0121,0.00232,0.07355,0.02034
Korean,F,epr,epr_kor,4,2,con,polite,9.201,,187.3,182.6,29.2,124.6,250.6,126,90.38,90.15,2.69,3.81,15.91,12.09,72.8,71.1,37.4,0.01148,0.00271,0.0051,0.0009,0.07458,0.06734,0.02299,4.96,-16.8,-17,17.8,0.0737,0.01148,0.00271,0.07458,0.02299
Korean,F,epr,epr_kor,4,2,pan,casual,8.145,,193.6,182.6,35.2,117.2,275.2,158,90.89,90.15,3.05,2.78,17.53,14.75,74,71.4,37.9,0.01155,0.0028,0.0053,0.0009,0.08227,0.06874,0.03121,3.35,-14.8,-20,16.2,0.0896,0.01155,0.0028,0.08227,0.03121
Korean,F,epr,epr_kor,4,3,con,polite,10.079,,202.1,191.3,45.2,131.6,324.9,193.3,91.5,90.96,3.7,4.76,20.4,15.64,73.5,70.8,40.4,0.01217,0.00312,0.00602,0.0011,0.06457,0.05557,0.01991,6.09,-14.9,-19.3,17.7,0.0964,0.01217,0.00312,0.06457,0.01991
Korean,F,epr,epr_kor,4,3,pan,casual,8.785,,207.7,195.3,43.1,128,328.3,200.3,92.02,91.31,3.49,4.28,20.58,16.3,73.4,71.1,42,0.01262,0.00295,0.00575,0.001,0.06845,0.06105,0.02125,6.62,-13.2,-18.7,16.6,0.1028,0.01262,0.00295,0.06845,0.02125
Korean,F,epr,epr_kor,4,4,con,polite,11.464,,194,190.6,35.6,129,285.6,156.6,90.91,90.9,3.12,4.44,18.17,13.73,73.2,70.1,41.2,0.01153,0.00278,0.00539,0.0009,0.06981,0.06179,0.01979,4.28,-14.3,-17.3,16.8,0.0898,0.01153,0.00278,0.06981,0.01979
Korean,F,epr,epr_kor,4,4,pan,casual,10.609,,218,213.5,43.5,121,365.4,244.4,92.88,92.85,3.43,3.3,22.43,19.13,74.5,70.9,43.7,0.01189,0.00251,0.00485,0.001,0.07695,0.07812,0.02385,5.26,-13.8,-19,16.4,0.0908,0.01189,0.00251,0.07695,0.02385
Korean,F,epr,epr_kor,4,5,con,polite,8.749,,185.9,181,32.1,129.8,284.3,154.4,90.22,90,2.9,4.52,18.09,13.56,73.8,71,40.9,0.01398,0.00325,0.00617,0.001,0.07191,0.06387,0.02171,6.66,-15.2,-16.6,15.8,0.0996,0.01398,0.00325,0.07169,0.0217
Korean,F,epr,epr_kor,4,5,pan,casual,6.794,,194.5,185.5,39,117.2,270.8,153.6,90.9,90.42,3.48,2.76,17.25,14.49,74.1,72,37.5,0.01451,0.00328,0.00655,0.0011,0.08394,0.08054,0.02545,3.06,-13.9,-16.9,14.9,0.1158,0.01451,0.00328,0.08394,0.02545
Korean,F,epr,epr_kor,4,6,con,polite,11.26,,191.9,186.2,43,123.9,316.8,192.9,90.59,90.49,3.77,3.71,19.96,16.25,73.8,70.6,41.7,0.01136,0.0027,0.00484,0.0012,0.07643,0.0712,0.0265,5.48,-15,-19.9,16,0.0961,0.01136,0.0027,0.07643,0.0265
Korean,F,epr,epr_kor,4,6,pan,casual,9.561,,213,208.6,49.1,129.3,326.5,197.2,92.36,92.46,3.99,4.45,20.43,15.98,74.5,70.9,44,0.01157,0.00234,0.00456,0.0012,0.07735,0.0688,0.02679,4.96,-14,-19.7,15.6,0.1123,0.01157,0.00234,0.07741,0.02681
Korean,F,epr,epr_kor,4,7,con,polite,11.423,,188,188.5,34.7,132.6,267.7,135.1,90.37,90.7,3.16,4.89,17.05,12.16,73.3,69.8,43.4,0.01105,0.00281,0.00574,0.0011,0.0766,0.07393,0.02397,4.1,-15.6,-20.5,16.5,0.0939,0.01105,0.00281,0.0766,0.02397
Korean,F,epr,epr_kor,4,7,pan,casual,9.23,,194.3,177.7,40.8,132.5,310.9,178.4,90.86,89.68,3.53,4.88,19.64,14.76,73.9,70.5,41.1,0.01276,0.00304,0.00589,0.0011,0.08763,0.08437,0.02456,1.98,-13.3,-19.1,15.3,0.0996,0.01276,0.00304,0.08763,0.02456
Korean,F,epr,epr_kor,4,8,con,polite,11.125,,194.2,193.6,35,127.7,276.9,149.2,90.94,91.16,3.12,4.24,17.63,13.39,73.2,70,38.1,0.01376,0.00347,0.00675,0.0009,0.0832,0.07322,0.02591,4.19,-15.1,-18.4,16.1,0.1097,0.01376,0.00347,0.0832,0.02591
Korean,F,epr,epr_kor,4,8,pan,casual,9.016,,200.8,196.1,44.8,127.2,372.4,245.2,91.38,91.39,3.79,4.19,22.76,18.57,73.5,70,41.4,0.01392,0.00315,0.00601,0.0011,0.08831,0.08381,0.02384,2.84,-14.3,-19.7,15.5,0.1167,0.01392,0.00315,0.08831,0.02384
Korean,F,epr,epr_kor,4,9,con,polite,10.491,,196.5,183.8,44.2,129.3,356.2,226.9,91.01,90.26,3.74,4.45,21.98,17.53,72.9,69.3,38.5,0.01164,0.00294,0.00567,0.0011,0.07593,0.06809,0.02431,3.58,-14.2,-19,15.9,0.1078,0.01164,0.00294,0.07593,0.02431
Korean,F,epr,epr_kor,4,9,pan,casual,8.583,,209.7,202.4,45.8,124.2,355.2,231,92.16,91.93,3.64,3.75,21.94,18.19,73.4,68.8,37.4,0.0118,0.00263,0.00486,0.0011,0.08128,0.0831,0.02411,2.8,-13.6,-20.6,15.6,0.1122,0.0118,0.00263,0.0813,0.02412
Korean,F,epr,epr_kor,5,10,con,polite,7.834,,223.6,219.6,34.3,147.8,313,165.2,93.46,93.35,2.64,6.76,19.75,12.99,69.2,66.8,35,0.01095,0.00281,0.00526,0.0008,0.07338,0.06351,0.02217,3.42,-15.4,-18.3,15.8,0.1081,0.01095,0.00281,0.07338,0.02217
Korean,F,epr,epr_kor,5,10,pan,casual,6.897,,224.2,220.8,38.3,143.7,317.9,174.2,93.45,93.44,2.93,6.28,20.02,13.74,69.5,66.2,36.4,0.01085,0.00289,0.0054,0.0009,0.08478,0.07963,0.02547,2.16,-13.4,-19,15,0.1116,0.01085,0.00289,0.08478,0.02547
Korean,F,epr,epr_kor,5,1,con,polite,6.824,,214.1,214.6,30.6,141.8,299.7,157.8,92.72,92.94,2.52,6.05,19,12.95,65.6,63.7,34.2,0.01125,0.00283,0.00552,0.0007,0.08638,0.0841,0.02745,3.71,-15,-17.6,16,0.0975,0.01125,0.00283,0.08638,0.02745
Korean,F,epr,epr_kor,5,1,pan,casual,5.027,,239.3,238.2,37.3,155.4,334.9,179.6,94.62,94.76,2.7,7.63,20.93,13.3,69.9,67.5,33.3,0.00956,0.00228,0.00438,0.0007,0.08749,0.09581,0.02532,7.78,-11.7,-19,15.9,0.0782,0.00956,0.00228,0.08749,0.02532
Korean,F,epr,epr_kor,5,2,con,polite,7.276,,229.5,232.4,35.5,151.8,317.1,165.3,93.89,94.33,2.72,7.22,19.98,12.76,70.4,69.2,34.4,0.01057,0.00235,0.00427,0.0007,0.07583,0.07631,0.02422,1.52,-15.4,-15.4,17,0.0845,0.01057,0.00235,0.07583,0.02422
Korean,F,epr,epr_kor,5,2,pan,casual,5.877,,241.3,234.8,35.3,159,353.3,194.3,94.8,94.51,2.46,8.03,21.84,13.81,71.7,69.8,34.2,0.00873,0.00185,0.00373,0.0007,0.08169,0.09243,0.02487,1.78,-12.5,-17,16.5,0.0815,0.00873,0.00185,0.08169,0.02487
Korean,F,epr,epr_kor,5,3,con,polite,8.452,,237,232.6,40,149.3,343,193.6,94.42,94.34,2.9,6.94,21.34,14.39,69,67.7,35.1,0.0084,0.00214,0.00398,0.0008,0.08244,0.07326,0.03596,5.28,-14.3,-16.7,16.1,0.1043,0.0084,0.00214,0.08244,0.03596
Korean,F,epr,epr_kor,5,3,pan,casual,7.116,,241.6,229.9,41.1,151.4,351.6,200.1,94.76,94.14,2.88,7.19,21.77,14.58,71.9,70.4,36.9,0.00929,0.00215,0.00372,0.0009,0.07827,0.07743,0.02628,6.28,-11.3,-18,16.8,0.0895,0.00929,0.00215,0.07827,0.02628
Korean,F,epr,epr_kor,5,4,con,polite,8.944,,226.9,229.5,33.8,155.2,315.2,160.1,93.72,94.11,2.61,7.61,19.88,12.27,70,68.2,33.1,0.00947,0.00238,0.00446,0.0007,0.07775,0.0821,0.026,4.52,-13.9,-15.3,16.3,0.0893,0.00947,0.00238,0.07775,0.026
Korean,F,epr,epr_kor,5,4,pan,casual,7.876,,236.8,234.1,35.4,163.9,337.4,173.4,94.47,94.45,2.54,8.56,21.05,12.49,71.2,69.1,35.1,0.00881,0.0022,0.00442,0.0006,0.08134,0.08061,0.02344,0.99,-11.5,-16.8,17,0.0773,0.00881,0.0022,0.08134,0.02344
Korean,F,epr,epr_kor,5,5,con,polite,6.71,,222.5,217.5,38.9,148.8,310.2,161.4,93.31,93.18,3.04,6.88,19.6,12.72,71.3,69.4,34.2,0.01107,0.0025,0.00502,0.0008,0.08691,0.10076,0.02515,0.68,-11.8,-13.6,15.3,0.1199,0.01107,0.0025,0.08691,0.02515
Korean,F,epr,epr_kor,5,5,pan,casual,5.64,,234.2,233.7,43,137.8,349.4,211.6,94.17,94.42,3.16,5.56,21.65,16.1,72,70.4,25.7,0.01121,0.00263,0.00466,0.0009,0.08381,0.09562,0.02646,-2.03,-10.9,-15.3,14.9,0.1139,0.01121,0.00263,0.08381,0.02646
Korean,F,epr,epr_kor,5,6,con,polite,9.232,,230.6,230.9,35.1,152.1,303.8,151.8,93.99,94.21,2.69,7.26,19.24,11.98,69,66.4,34.1,0.00756,0.00191,0.00369,0.0007,0.082,0.08061,0.03166,6.38,-12.6,-19.2,16.9,0.0812,0.00756,0.00191,0.082,0.03166
Korean,F,epr,epr_kor,5,6,pan,casual,7.805,,235.7,232.9,41.4,133.1,326.9,193.8,94.3,94.36,3.07,4.95,20.51,15.55,69.8,66.6,38.4,0.00811,0.00201,0.00353,0.0008,0.06769,0.05934,0.02306,2.03,-11.9,-19.2,16.3,0.0894,0.00811,0.00201,0.06769,0.02306
Korean,F,epr,epr_kor,5,7,con,polite,8.645,,234.9,233.8,39.8,169,339,170,94.26,94.43,2.93,9.09,21.14,12.05,70.6,68.7,37,0.00934,0.00196,0.00385,0.0007,0.07933,0.07666,0.02238,2.8,-13.1,-17.6,16.6,0.0851,0.00934,0.00196,0.07933,0.02238
Korean,F,epr,epr_kor,5,7,pan,casual,7.295,,233,225.2,45.2,130.9,354.2,223.3,94.04,93.78,3.38,4.72,21.89,17.18,70.3,68.8,35.3,0.00982,0.00207,0.00402,0.0008,0.08182,0.08519,0.02756,2.44,-12.8,-18.2,15.5,0.0864,0.00982,0.00207,0.08184,0.02754
Korean,F,epr,epr_kor,5,8,con,polite,8.958,,215.5,219.3,32.5,149.1,295.5,146.4,92.83,93.32,2.61,6.91,18.75,11.84,67.5,65.7,34,0.01065,0.00264,0.00498,0.0007,0.07984,0.07355,0.0249,1.87,-14.1,-18.1,16,0.0991,0.01065,0.00264,0.07984,0.0249
Korean,F,epr,epr_kor,5,8,pan,casual,7.153,,218.6,219.4,33,138.9,298.3,159.5,93.07,93.33,2.63,5.68,18.92,13.24,68.4,66.6,36,0.01075,0.00284,0.00554,0.0007,0.08481,0.09808,0.027,2.82,-13.9,-19.5,15.4,0.103,0.01075,0.00284,0.08481,0.027
Korean,F,epr,epr_kor,5,9,con,polite,9.184,,244.6,243.5,52.2,148.5,397.8,249.2,94.82,95.13,3.72,6.85,23.83,16.98,70.7,68,38.5,0.00895,0.00203,0.00382,0.0009,0.08992,0.086,0.03009,4.69,-12.7,-18.4,15.8,0.0921,0.00895,0.00203,0.08992,0.03009
Korean,F,epr,epr_kor,5,9,pan,casual,7.602,,252.8,244.5,50.8,159.1,389.9,230.9,95.43,95.2,3.5,8.03,23.56,15.52,72.1,69.4,37.7,0.00908,0.00231,0.00402,0.0009,0.08845,0.09054,0.02852,5.42,-11.1,-20,15.3,0.0965,0.00908,0.00231,0.08845,0.02852
Korean,F,epr,epr_kor,6,10,con,polite,7.497,,188.6,189.2,24.1,138,262.3,124.3,90.57,90.76,2.25,5.59,16.69,11.1,73.6,70.5,39.2,0.01159,0.0029,0.00569,0.0007,0.0797,0.08375,0.01991,0.49,-15.5,-25.3,17.4,0.08,0.01159,0.0029,0.0797,0.01991
Korean,F,epr,epr_kor,6,10,pan,casual,6.948,,196.7,196.7,27.8,127,257.4,130.4,91.26,91.43,2.55,4.16,16.37,12.21,73.5,69.8,42,0.01202,0.00317,0.00596,0.0008,0.0866,0.08439,0.02554,1.69,-13.1,-25,16.1,0.111,0.01202,0.00317,0.0866,0.02554
Korean,F,epr,epr_kor,6,1,con,polite,6.422,,195.3,200.1,29.7,129.1,265.5,136.4,91.11,91.73,2.73,4.42,16.9,12.48,74,71,34.9,0.0121,0.00288,0.00525,0.0009,0.07419,0.07613,0.01791,1.69,-14.6,-23.1,16.6,0.0899,0.0121,0.00288,0.07419,0.01791
Korean,F,epr,epr_kor,6,1,pan,casual,4.675,,206.4,203,28.4,146,295.8,149.8,92.11,91.99,2.37,6.56,18.7,12.14,74.3,71.9,33.3,0.00956,0.00216,0.00409,0.0007,0.08189,0.08394,0.02497,-0.09,-14.1,-26.4,17.5,0.0674,0.00956,0.00216,0.08189,0.02497
Korean,F,epr,epr_kor,6,2,con,polite,8.022,,185.7,184.4,20.3,133.6,232.5,99,90.34,90.32,1.92,5.02,14.61,9.59,73.5,71.8,41,0.01054,0.00256,0.0047,0.0006,0.06324,0.06166,0.01949,1.84,-19.8,-20.2,18.3,0.0688,0.01054,0.00256,0.06324,0.01949
Korean,F,epr,epr_kor,6,2,pan,casual,6.188,,193.2,187.6,32.2,136.2,290.9,154.7,90.89,90.62,2.85,5.35,18.49,13.14,74.5,72.9,28.4,0.00929,0.00239,0.00449,0.0009,0.06423,0.06593,0.01848,0.39,-13.9,-23.4,18.6,0.0718,0.00929,0.00239,0.06423,0.01848
Korean,F,epr,epr_kor,6,3,con,polite,8.197,,197.6,190.2,31.9,133.5,282.3,148.8,91.3,90.86,2.75,5,17.97,12.96,73.2,70.9,31.2,0.01088,0.00279,0.0054,0.0009,0.08405,0.08354,0.02795,2.45,-16.3,-20.3,17.4,0.0982,0.01088,0.00279,0.08405,0.02795
Korean,F,epr,epr_kor,6,3,pan,casual,6.99,,207,202.6,33,134.7,285.2,150.5,92.1,91.95,2.78,5.17,18.15,12.98,75.1,72.5,28.8,0.00919,0.00226,0.00471,0.0008,0.06887,0.0638,0.02147,-0.72,-12.8,-25.5,18.9,0.0644,0.00919,0.00226,0.06891,0.0214
Korean,F,epr,epr_kor,6,4,con,polite,9.488,,190.6,191.2,29.6,119.4,264,144.6,90.68,90.95,2.76,3.07,16.8,13.74,73.5,70.5,34.7,0.01131,0.0028,0.00521,0.0009,0.06667,0.07156,0.02061,2.13,-16.5,-20.5,17,0.081,0.01131,0.0028,0.06665,0.02059
Korean,F,epr,epr_kor,6,4,pan,casual,8.109,,187.1,183.4,24.1,141.9,254,112.1,90.43,90.23,2.18,6.09,16.14,10.05,73.2,70.9,35,0.01046,0.00293,0.00556,0.0008,0.07803,0.0748,0.02655,0.73,-16.6,-21.3,17,0.0877,0.01046,0.00293,0.07805,0.02654
Korean,F,epr,epr_kor,6,5,con,polite,8.082,,196.9,196.7,32.2,131,272.9,141.9,91.22,91.44,2.9,4.67,17.38,12.71,74.6,72.5,42.4,0.00998,0.00205,0.00401,0.0009,0.06721,0.07585,0.01985,1.16,-15.6,-21.9,17.8,0.0677,0.00998,0.00205,0.06709,0.01975
Korean,F,epr,epr_kor,6,5,pan,casual,5.678,,186.8,184.3,23.6,77.7,244.6,166.9,90.39,90.31,2.44,-4.35,15.48,19.84,73,71.1,25.6,0.01049,0.00266,0.00509,0.0011,0.07454,0.07553,0.0222,-0.42,-14.9,-24,17.4,0.0711,0.01049,0.00266,0.07454,0.02222
Korean,F,epr,epr_kor,6,6,con,polite,8.688,,195.8,196.4,27.9,123.7,265.3,141.6,91.18,91.41,2.5,3.7,16.88,13.18,73.5,71.1,31.1,0.00948,0.00239,0.00446,0.0008,0.06696,0.07412,0.0205,3.63,-13.7,-22.7,18.1,0.0735,0.00948,0.00239,0.06696,0.0205
Korean,F,epr,epr_kor,6,6,pan,casual,8.469,,191.6,191.5,32.5,79.7,276,196.3,90.73,90.98,3.03,-3.92,17.58,21.49,72.2,69.1,47.3,0.01119,0.00306,0.00533,0.0009,0.07519,0.0711,0.02322,2.92,-12.4,-24.4,17,0.0869,0.01119,0.00306,0.07519,0.02322
Korean,F,epr,epr_kor,6,7,con,polite,9.238,,189.6,181.3,26.8,146,276.3,130.3,90.64,90.02,2.35,6.56,17.58,11.03,73.7,70.9,35.2,0.01016,0.00244,0.00464,0.0007,0.08495,0.07717,0.02971,4.15,-15,-23,16.8,0.0887,0.01016,0.00244,0.08495,0.02971
Korean,F,epr,epr_kor,6,7,pan,casual,7.776,,187.4,180.9,23.9,139.3,251.4,112.2,90.46,89.99,2.18,5.74,15.96,10.23,73.6,71.2,33.6,0.01112,0.00295,0.00492,0.0009,0.07252,0.06727,0.022,4.25,-14.6,-22.4,17.5,0.0796,0.01112,0.00295,0.07252,0.02177
Korean,F,epr,epr_kor,6,8,con,polite,9.74,,197.4,196.5,32,135,304.2,169.2,91.28,91.42,2.73,5.2,19.26,14.06,74.2,72.1,32,0.01264,0.00288,0.00508,0.0009,0.08179,0.07289,0.02689,-0.7,-16.4,-21.9,16.4,0.0902,0.01264,0.00288,0.08179,0.02689
Korean,F,epr,epr_kor,6,8,pan,casual,7.217,,183.3,177,25.6,141.6,293.5,151.9,90.06,89.61,2.36,6.03,18.64,12.62,73.6,70.6,35,0.01088,0.00287,0.00536,0.0008,0.07536,0.08746,0.02228,2.01,-15.4,-24.1,17.6,0.0873,0.01088,0.00287,0.07536,0.02228
Korean,F,epr,epr_kor,6,9,con,polite,9.529,,191.9,190.3,32.1,132.2,287.1,154.8,90.78,90.86,2.82,4.84,18.21,13.37,73.2,70.2,33.5,0.01134,0.0029,0.0054,0.0009,0.08161,0.07547,0.02485,3.41,-16,-22,16.8,0.1066,0.01134,0.0029,0.08161,0.02485
Korean,F,epr,epr_kor,6,9,pan,casual,7.648,,204.3,189.9,33.8,150.5,301.5,151,91.88,90.83,2.72,7.08,19.11,12.03,75.1,71.8,32.8,0.00968,0.00261,0.00491,0.0008,0.06966,0.05982,0.02195,1.2,-13.1,-24.5,17.3,0.0802,0.00968,0.00261,0.06966,0.02195
Korean,M,epr,epr_kor,1,10,con,polite,4.822,,100.2,102.5,15.3,75.5,127.1,51.6,79.56,80.16,2.73,-4.86,4.15,9.01,65.7,63,26.9,0.02391,0.00793,0.0133,0.0015,0.11682,0.11196,0.0469,-2.09,-17.7,-19.6,12.5,0.1528,0.02391,0.00793,0.11682,0.0469
Korean,M,epr,epr_kor,1,10,pan,casual,6.136,,99.7,97.2,15.7,75.7,147,71.3,79.48,79.24,2.64,-4.83,6.67,11.5,67.5,63.9,34.7,0.02387,0.00785,0.01402,0.002,0.13703,0.23987,0.04624,-1.94,-15.9,-24.6,12.2,0.1565,0.02387,0.00785,0.13703,0.04624
Korean,M,epr,epr_kor,1,1,con,polite,5.175,,99.7,99.8,14,75.6,145.3,69.7,79.5,79.7,2.44,-4.83,6.47,11.3,66,64.6,26.3,0.02327,0.00839,0.01361,0.0014,0.16172,0.13239,0.07169,-3.01,-17.1,-21.3,12.1,0.1429,0.02327,0.00839,0.16172,0.07169
Korean,M,epr,epr_kor,1,1,pan,casual,3.895,,99,93.7,16.6,76.2,146.4,70.2,79.34,78.61,2.71,-4.66,6.6,11.26,71.8,70.4,28.6,0.02049,0.00608,0.01023,0.0016,0.12344,0.15815,0.03964,-4.07,-16.2,-22.9,12.2,0.1314,0.02049,0.00608,0.12344,0.03964
Korean,M,epr,epr_kor,1,2,con,polite,6.052,,95.3,93.9,12.9,76.3,125.2,48.9,78.74,78.65,2.34,-4.67,3.89,8.56,66.5,63.4,31.6,0.0207,0.00596,0.01066,0.0014,0.09625,0.08509,0.03175,-4.49,-19.3,-16,13.5,0.1271,0.0207,0.00596,0.09625,0.03175
Korean,M,epr,epr_kor,1,2,pan,casual,5.098,,101.8,99.8,17,75.9,146,70.1,79.81,79.7,2.8,-4.7,6.55,11.25,68.4,66.5,27.8,0.01926,0.00609,0.00904,0.0016,0.10316,0.15062,0.03333,-1.39,-16.6,-23.7,13.5,0.0991,0.01926,0.00609,0.10316,0.03333
Korean,M,epr,epr_kor,1,3,con,polite,6.358,,103.3,102.2,16.1,75.5,137.3,61.8,80.07,80.11,2.73,-4.84,5.48,10.32,64.8,63.1,27.7,0.02252,0.00812,0.01361,0.0019,0.11798,0.11674,0.04852,-0.54,-19.9,-21.1,13.7,0.1324,0.02252,0.00812,0.11798,0.04852
Korean,M,epr,epr_kor,1,3,pan,casual,5.812,,106.4,105.9,18.2,76.3,141.7,65.4,80.55,80.73,2.95,-4.68,6.03,10.71,70.4,67.8,32.9,0.02269,0.0076,0.01236,0.0016,0.12544,0.1148,0.04153,-3.17,-18.4,-21.8,13,0.1578,0.02269,0.0076,0.12544,0.04153
Korean,M,epr,epr_kor,1,4,con,polite,8.104,,100.4,98.1,14.3,75.3,137.2,61.9,79.62,79.39,2.44,-4.89,5.48,10.36,67.4,64.5,31.8,0.02121,0.00714,0.01341,0.0014,0.11781,0.09904,0.04803,-1.78,-17.4,-15.5,12.3,0.1416,0.02121,0.00714,0.11781,0.04803
Korean,M,epr,epr_kor,1,4,pan,casual,6.95,,111.2,111.5,16.8,76.5,150.2,73.6,81.37,81.61,2.61,-4.59,7.01,11.6,71.7,68,39.7,0.01934,0.00526,0.00849,0.0014,0.10407,0.13155,0.03565,-3.91,-14.5,-18.7,12.7,0.124,0.01934,0.00526,0.10321,0.03473
Korean,M,epr,epr_kor,1,5,con,polite,7.026,,92.4,93,11.4,75.5,121.1,45.6,78.23,78.48,2.12,-4.86,3.31,8.17,66.9,65.3,31.2,0.02354,0.00942,0.01519,0.0014,0.12499,0.12437,0.04412,-3.33,-16.1,-17.4,12.2,0.1437,0.02354,0.00942,0.12499,0.04412
Korean,M,epr,epr_kor,1,5,pan,casual,4.731,,106.3,107,19.9,75.4,153.3,77.9,80.48,80.9,3.24,-4.89,7.4,12.29,73.8,71.4,28,0.0245,0.00655,0.01319,0.0017,0.1368,0.13763,0.04637,-2.65,-15.1,-23.2,11.7,0.1581,0.0245,0.00655,0.13716,0.04622
Korean,M,epr,epr_kor,1,6,con,polite,7.641,,100.7,101.9,16.2,75.5,138.3,62.8,79.62,80.06,2.8,-4.86,5.6,10.46,66.3,62.9,33.7,0.02241,0.00852,0.01185,0.0016,0.11272,0.09382,0.03882,-1.51,-17.9,-19.7,13.1,0.1383,0.02241,0.00852,0.11272,0.03882
Korean,M,epr,epr_kor,1,6,pan,casual,6.923,,101.7,97.3,19.2,75.9,149,73.2,79.73,79.25,3.1,-4.78,6.91,11.68,67.9,64.7,38,0.01943,0.00562,0.00995,0.0018,0.11567,0.1149,0.04287,-3.31,-17.2,-20.6,13.1,0.121,0.01943,0.00562,0.11567,0.04287
Korean,M,epr,epr_kor,1,7,con,polite,7.347,,96.3,90.1,15.6,75.7,129,53.3,78.86,77.92,2.76,-4.81,4.4,9.21,71.1,68,32.3,0.01986,0.00716,0.01102,0.0016,0.12163,0.06985,0.03799,-3.02,-14.3,-20.9,12.7,0.1411,0.01986,0.00716,0.12163,0.03799
Korean,M,epr,epr_kor,1,7,pan,casual,6.723,,100.9,93.9,19.4,75.5,157.9,82.4,79.58,78.64,3.21,-4.86,7.87,12.73,71.3,67.3,35.6,0.01795,0.00606,0.00948,0.0018,0.10975,0.12044,0.03343,-0.6,-14.1,-23.4,12.8,0.109,0.01795,0.00606,0.10975,0.03343
Korean,M,epr,epr_kor,1,8,con,polite,7.445,,92.4,89.9,11.1,75.7,119.4,43.7,78.23,77.89,2.03,-4.83,3.06,7.89,68.2,65.5,29.7,0.02,0.00706,0.01072,0.0012,0.11346,0.1033,0.03889,-4.41,-16.3,-20.2,13.2,0.1342,0.02,0.00706,0.11346,0.03889
Korean,M,epr,epr_kor,1,8,pan,casual,6.745,,95.2,94.3,15.2,75.4,138.6,63.2,78.66,78.71,2.68,-4.86,5.63,10.49,68.4,65.1,33.2,0.02024,0.00616,0.01085,0.0016,0.1306,0.184,0.04262,-2.02,-17.5,-20.3,13.1,0.1145,0.02024,0.00616,0.1306,0.04262
Korean,M,epr,epr_kor,1,9,con,polite,8.589,,101.1,100.5,17.6,75.2,137.7,62.4,79.66,79.82,3,-4.89,5.53,10.42,66.4,63.2,33.1,0.01971,0.00629,0.01065,0.0019,0.12818,0.13215,0.04456,-2.41,-17.3,-19.8,12.7,0.1474,0.01971,0.00629,0.12818,0.04456
Korean,M,epr,epr_kor,1,9,pan,casual,6.681,,104.6,104.6,18,76.2,148.3,72.2,80.25,80.5,2.98,-4.61,6.82,11.43,67.6,64,32.9,0.02978,0.01074,0.0158,0.0017,0.13763,0.11877,0.04908,-2.83,-15.1,-21.7,11.3,0.1823,0.02978,0.01074,0.13763,0.04908
Korean,M,epr,epr_kor,3,10,con,polite,6.901,,95.2,91.9,14,75.4,126.8,51.4,78.69,78.26,2.47,-4.84,4.11,8.95,67.6,62.8,34.8,0.02594,0.0084,0.01533,0.0027,0.13471,0.12987,0.05024,-0.04,-14.5,-19.2,10.4,0.2039,0.02594,0.0084,0.13471,0.05024
Korean,M,epr,epr_kor,3,10,pan,casual,6.235,,105.1,103.5,12.9,80.7,144.5,63.8,80.46,80.33,2.08,-3.71,6.37,10.08,70.3,63.2,38.7,0.02145,0.00604,0.01167,0.0012,0.14866,0.20143,0.04387,-0.64,-16.3,-23.6,12.4,0.145,0.02145,0.00604,0.14866,0.04387
Korean,M,epr,epr_kor,3,1,con,polite,6.062,,104.8,106.9,14,78.8,144.6,65.7,80.38,80.88,2.34,-4.11,6.38,10.49,67.3,62.3,35.9,0.02167,0.00516,0.00988,0.0013,0.13834,0.14856,0.04827,-1.07,-15.4,-19.2,11.1,0.1958,0.02167,0.00516,0.13834,0.04827
Korean,M,epr,epr_kor,3,1,pan,casual,4.513,,108.2,106.6,14,81.3,147.6,66.3,80.96,80.83,2.14,-3.49,6.74,10.23,71.3,66.2,38,0.01821,0.00455,0.00838,0.0012,0.13659,0.1373,0.04075,-0.34,-12.4,-19.2,11.2,0.1677,0.01821,0.00455,0.13659,0.04075
Korean,M,epr,epr_kor,3,2,con,polite,6.814,,98.5,97.9,14.3,75.4,154,78.6,79.29,79.35,2.43,-4.89,7.46,12.35,70,66.6,35.1,0.02341,0.00563,0.01056,0.0014,0.12737,0.11172,0.04222,-0.05,-15.4,-12.3,12,0.1409,0.02341,0.00563,0.12737,0.04222
Korean,M,epr,epr_kor,3,2,pan,casual,6.01,,110.2,107.8,15.1,79,149.1,70.1,81.25,81.03,2.37,-4.08,6.91,10.99,74.3,71,35.4,0.01983,0.00457,0.00846,0.0013,0.1159,0.11602,0.04215,0.21,-14.1,-17.8,11.8,0.1507,0.01983,0.00457,0.1159,0.04215
Korean,M,epr,epr_kor,3,3,con,polite,8.032,,99.3,97.7,11.6,76.5,133,56.6,79.49,79.33,2.01,-4.65,4.94,9.59,70.7,66.7,33.6,0.02253,0.00698,0.01289,0.0015,0.114,0.11512,0.031,0.81,-14.4,-18.9,12.9,0.1369,0.02253,0.00698,0.114,0.031
Korean,M,epr,epr_kor,3,3,pan,casual,6.821,,114,111.9,16.5,77.9,154.8,76.9,81.82,81.67,2.48,-4.32,7.56,11.88,73.9,69.9,35.6,0.01988,0.00457,0.00841,0.0013,0.13502,0.17337,0.04213,0,-15.2,-19.1,12.7,0.1331,0.01988,0.00457,0.13502,0.04213
Korean,M,epr,epr_kor,3,4,con,polite,7.39,,99.8,97.8,12.1,77.5,131.9,54.4,79.57,79.33,2.07,-4.41,4.77,9.19,67.6,63.9,33,0.02116,0.00658,0.01106,0.0012,0.12832,0.14927,0.04005,0.72,-13.3,-15.5,11.4,0.1568,0.02116,0.00658,0.12832,0.04005
Korean,M,epr,epr_kor,3,4,pan,casual,6.839,,107.7,102.9,17.5,76.3,159.6,83.4,80.81,80.22,2.62,-4.69,8.1,12.79,71.1,66,37.4,0.02023,0.00593,0.01064,0.0014,0.13376,0.18536,0.04666,-2.02,-13.2,-15.4,12,0.1457,0.02023,0.00593,0.13376,0.04666
Korean,M,epr,epr_kor,3,5,con,polite,5.7,,99.2,98.2,13,75.7,129.4,53.7,79.44,79.41,2.24,-4.81,4.44,9.25,69.1,65.3,32.1,0.02171,0.00509,0.01025,0.0012,0.15815,0.14002,0.05103,-0.78,-13.2,-16.2,11.1,0.1542,0.02171,0.00509,0.15815,0.05103
Korean,M,epr,epr_kor,3,5,pan,casual,6.191,,111.9,108.6,19.5,77.1,173.7,96.5,81.42,81.16,2.95,-4.49,9.56,14.05,73.6,69,37.9,0.01823,0.00422,0.00822,0.0016,0.14221,0.21806,0.05045,-0.57,-14.7,-17.7,11.4,0.1376,0.01823,0.00422,0.14221,0.05045
Korean,M,epr,epr_kor,3,6,con,polite,7.574,,111.9,108.4,24.5,76.6,211.1,134.4,81.33,81.12,3.35,-4.54,12.93,17.47,67.5,63,38.5,0.01843,0.00461,0.00861,0.0018,0.12091,0.13913,0.03744,2.76,-14.4,-20.2,11.7,0.1445,0.01843,0.00461,0.12091,0.03744
Korean,M,epr,epr_kor,3,6,pan,casual,6.945,,110.2,105.3,21.6,76.5,172.3,95.7,81.11,80.62,3.13,-4.63,9.41,14.04,71.1,64.5,39.7,0.01804,0.00481,0.00858,0.0017,0.12452,0.13067,0.03868,1.26,-13,-17.2,11.7,0.1437,0.01804,0.00481,0.12452,0.03868
Korean,M,epr,epr_kor,3,7,con,polite,7.5,,99.9,95.8,16.7,75.9,143.3,67.4,79.49,78.98,2.78,-4.77,6.23,10.99,66.7,61.6,32.1,0.02647,0.00766,0.01293,0.0016,0.12581,0.08385,0.04232,1.56,-14.8,-19.5,10.7,0.1967,0.02647,0.00766,0.12617,0.04227
Korean,M,epr,epr_kor,3,7,pan,casual,5.629,,104.9,99.7,17.7,75.4,156.3,80.9,80.32,79.67,2.81,-4.89,7.73,12.61,71.4,64.9,35.6,0.02018,0.00567,0.00931,0.0015,0.12625,0.10299,0.03856,-0.39,-13.7,-22.2,11.4,0.1569,0.02018,0.00567,0.12625,0.03856
Korean,M,epr,epr_kor,3,8,con,polite,7.631,,100,96.9,12.6,75.8,138.3,62.6,79.6,79.17,2.12,-4.81,5.6,10.41,67.2,64.4,31.5,0.02072,0.0054,0.01028,0.0013,0.12483,0.12732,0.03978,0.71,-14.5,-16.4,11.9,0.15,0.02072,0.0054,0.12493,0.03974
Korean,M,epr,epr_kor,3,8,pan,casual,7.251,,102,99.3,12.8,79.7,153.1,73.4,79.95,79.61,2.07,-3.94,7.37,11.31,68.2,65.8,34.9,0.01993,0.00564,0.0106,0.0013,0.11983,0.13208,0.04366,-0.86,-15.4,-18.4,12.7,0.1288,0.01993,0.00564,0.11983,0.04366
Korean,M,epr,epr_kor,3,9,con,polite,9.152,,101.7,97.8,15.4,77.1,147.2,70.1,79.84,79.34,2.51,-4.46,6.69,11.15,67.4,61.3,36.8,0.02357,0.00678,0.01246,0.0015,0.13103,0.14209,0.04674,0.83,-14.9,-17.8,10.6,0.1914,0.02357,0.00678,0.13103,0.04674
Korean,M,epr,epr_kor,3,9,pan,casual,6.895,,110.8,105.8,23,75.6,171.6,96,81.16,80.71,3.39,-4.78,9.34,14.12,71.3,64.5,35,0.01967,0.00509,0.00856,0.0018,0.13338,0.13627,0.04938,-0.57,-14.6,-21,11.5,0.1708,0.01967,0.00509,0.13338,0.04938
Korean,M,epr,epr_kor,7,10,con,polite,8.443,,114.2,115.2,11.6,90.9,139.7,48.8,81.94,82.17,1.77,-1.65,5.78,7.43,72.1,67.9,42.7,0.01877,0.00669,0.01112,0.001,0.1282,0.09599,0.04796,-0.89,-18.6,-21,12.1,0.1476,0.01877,0.00669,0.1282,0.04796
Korean,M,epr,epr_kor,7,10,pan,casual,7.118,,114.8,113,12.1,90.1,142.3,52.2,82.02,81.85,1.8,-1.8,6.1,7.91,71.9,67.9,40.8,0.01989,0.0076,0.01104,0.0014,0.11422,0.13437,0.03948,-0.86,-16,-21.3,11.9,0.1642,0.01989,0.0076,0.11422,0.03948
Korean,M,epr,epr_kor,7,1,con,polite,6.732,,115.7,114.1,13.9,88.8,151.9,63.1,82.12,82.01,2.08,-2.05,7.21,9.27,72.7,67.7,40.7,0.01845,0.00708,0.01108,0.0011,0.12166,0.1686,0.04236,-1.4,-18.4,-19.5,11.4,0.1559,0.01845,0.00708,0.12166,0.04236
Korean,M,epr,epr_kor,7,1,pan,casual,5.405,,120.7,116.8,13.8,95,145.4,50.4,82.86,82.42,1.99,-0.86,6.48,7.34,72.8,67.8,43.3,0.02022,0.00697,0.01194,0.001,0.12068,0.14945,0.04225,-2.02,-16.3,-23.3,12.1,0.151,0.02022,0.00697,0.12068,0.04225
Korean,M,epr,epr_kor,7,2,con,polite,8.55,,117.1,119.2,12.3,92.8,149.6,56.8,82.37,82.77,1.84,-1.29,6.97,8.26,72.7,69.4,40.8,0.01521,0.00513,0.00855,0.0009,0.12474,0.12267,0.0535,-0.23,-19.8,-16.5,13.7,0.1099,0.01521,0.00513,0.12474,0.0535
Korean,M,epr,epr_kor,7,2,pan,casual,6.015,,122.8,121.2,13.7,94.7,151.1,56.4,83.18,83.06,1.91,-0.94,7.15,8.09,72.8,70.4,38.3,0.01882,0.00735,0.01096,0.001,0.09888,0.09662,0.03668,0.83,-17.8,-22.6,13.7,0.1228,0.01882,0.00735,0.09888,0.03668
Korean,M,epr,epr_kor,7,3,con,polite,8.39,,118,115.7,13.5,93.8,168.8,75,82.48,82.24,1.95,-1.11,9.07,10.18,71.7,68.9,39.7,0.0152,0.00561,0.00921,0.001,0.11224,0.11864,0.0434,1.27,-18.3,-22.1,13.8,0.127,0.0152,0.00561,0.11224,0.0434
Korean,M,epr,epr_kor,7,3,pan,casual,8.077,,126.4,128.3,12.7,96.2,154.8,58.6,83.69,84.04,1.78,-0.66,7.56,8.22,72.9,69.9,42.9,0.01576,0.0053,0.00846,0.0009,0.10169,0.08984,0.04416,1.1,-18.7,-24,13.3,0.1279,0.01576,0.0053,0.10169,0.04416
Korean,M,epr,epr_kor,7,4,con,polite,9.261,,119.5,118.2,11.1,97,157.6,60.7,82.74,82.62,1.57,-0.51,7.88,8.39,73,70.5,37.5,0.01478,0.00549,0.00793,0.0008,0.12612,0.13994,0.05023,1.73,-19.3,-16.8,13.2,0.1298,0.01478,0.00549,0.12612,0.05023
Korean,M,epr,epr_kor,7,4,pan,casual,7.738,,124.5,120.2,16.2,100.5,175.1,74.7,83.39,82.92,2.11,0.08,9.7,9.62,72.7,69.6,39.5,0.01661,0.00627,0.00979,0.0013,0.13036,0.12188,0.05395,2.18,-15.7,-14.8,11.9,0.1776,0.01661,0.00627,0.13036,0.05395
Korean,M,epr,epr_kor,7,5,con,polite,7.325,,111.7,109.7,13.1,90.3,152.7,62.4,81.52,81.32,1.97,-1.76,7.32,9.08,73.1,71.3,38,0.01598,0.00597,0.0098,0.0014,0.12134,0.16308,0.04954,0.64,-17.8,-17.5,12.8,0.1384,0.01598,0.00597,0.12134,0.04954
Korean,M,epr,epr_kor,7,5,pan,casual,8.836,,120.7,117.5,12.2,95.7,156.2,60.5,82.9,82.51,1.7,-0.76,7.72,8.48,72.5,67.6,44.6,0.01696,0.00645,0.01047,0.0008,0.10406,0.09567,0.04038,2.7,-18.3,-20.3,13.5,0.1485,0.01696,0.00645,0.10406,0.04038
Korean,M,epr,epr_kor,7,6,con,polite,9.501,,121.4,118.9,16.9,87.8,181.6,93.8,82.92,82.73,2.35,-2.24,10.33,12.57,73,70.5,40,0.01882,0.00751,0.01072,0.0012,0.13197,0.16101,0.05095,-0.63,-18.3,-20.9,12.8,0.1447,0.01882,0.00751,0.13197,0.05095
Korean,M,epr,epr_kor,7,6,pan,casual,7.948,,122.9,121.7,16.4,96.8,168.2,71.3,83.15,83.13,2.26,-0.53,9,9.53,73.1,70.1,41.5,0.01817,0.00672,0.0109,0.0011,0.11863,0.14328,0.04976,2.39,-17.2,-21.5,12.4,0.1396,0.01817,0.00672,0.11863,0.04976
Korean,M,epr,epr_kor,7,7,con,polite,9.654,,116.7,115.7,12,94,147.4,53.4,82.31,82.26,1.76,-1.06,6.72,7.79,72,67.8,41.9,0.0175,0.00708,0.01004,0.0009,0.10336,0.10084,0.03769,0.25,-18.1,-20.1,12.4,0.1449,0.0175,0.00708,0.10336,0.03769
Korean,M,epr,epr_kor,7,7,pan,casual,7.35,,117.3,115.3,12,96.2,146.1,49.9,82.41,82.19,1.72,-0.65,6.55,7.2,72.5,69.3,39.2,0.01803,0.00734,0.01009,0.0009,0.10363,0.08959,0.04543,0.01,-17.6,-22.1,12.5,0.1458,0.01803,0.00734,0.10363,0.04543
Korean,M,epr,epr_kor,7,8,con,polite,10.907,,115.5,114,12.4,88.4,149.1,60.8,82.12,81.99,1.84,-2.14,6.91,9.06,73.1,69.5,45.1,0.01765,0.00628,0.01116,0.0009,0.10579,0.12527,0.03812,-0.26,-17.9,-18,13.4,0.1355,0.01765,0.00628,0.10579,0.03812
Korean,M,epr,epr_kor,7,8,pan,casual,7.485,,120.2,120.1,13.1,88.1,151.4,63.2,82.81,82.89,1.88,-2.03,7.17,9.2,73.4,70.7,38.9,0.01701,0.00555,0.01,0.0009,0.11875,0.19618,0.04343,0.98,-16.8,-19.9,13.2,0.1243,0.01701,0.00555,0.11875,0.04343
Korean,M,epr,epr_kor,7,9,con,polite,9.833,,116.9,115.3,13.8,92,147.2,55.1,82.31,82.19,2.05,-1.43,6.67,8.11,72.7,69,39.8,0.01635,0.00555,0.00927,0.0013,0.10605,0.10601,0.03937,-0.51,-17,-21.1,13,0.1305,0.01635,0.00555,0.10605,0.03937
Korean,M,epr,epr_kor,7,9,pan,casual,8.197,,117,116.8,13.5,93.3,154.4,61.1,82.33,82.41,1.99,-1.2,7.52,8.73,72.3,67.8,41.8,0.02045,0.0074,0.01228,0.001,0.11595,0.12153,0.04345,1.54,-16.2,-21.5,12.4,0.1437,0.02045,0.0074,0.11598,0.04342
Korean,M,epr,epr_kor,8,10,con,polite,7.203,,119.8,120.1,11,89.7,150.9,61.3,82.78,82.9,1.61,-1.89,7.12,9.01,73,68.9,43.6,0.02053,0.00643,0.01106,0.0008,0.14434,0.18881,0.04154,-2.59,-15.7,-19.6,12,0.1438,0.02053,0.00643,0.14434,0.04154
Korean,M,epr,epr_kor,8,10,pan,casual,6.401,,125.3,125,13.4,94.2,164.9,70.7,83.54,83.58,1.85,-1.04,8.65,9.69,74.8,68.5,44.4,0.02005,0.00593,0.01172,0.0008,0.128,0.18448,0.03768,-0.66,-14.2,-19.7,12,0.1549,0.02005,0.00593,0.128,0.03768
Korean,M,epr,epr_kor,8,1,con,polite,5.019,,118.7,116.3,13.2,95.7,158.2,62.5,82.59,82.34,1.88,-0.75,7.94,8.69,68.6,64.7,35.5,0.01966,0.00622,0.01065,0.001,0.12155,0.16099,0.03657,-1.59,-13,-15,10.9,0.1667,0.01966,0.00622,0.12155,0.03657
Korean,M,epr,epr_kor,8,1,pan,casual,3.916,,127.1,123.9,14.5,98.8,170.2,71.3,83.76,83.44,1.92,-0.19,9.21,9.39,70.1,65.7,31.7,0.02292,0.00632,0.01219,0.001,0.1187,0.17413,0.03631,-3.35,-12.1,-16.7,10.6,0.1812,0.02292,0.00632,0.1187,0.03631
Korean,M,epr,epr_kor,8,2,con,polite,5.285,,116.6,116.5,14.7,90.6,171.4,80.8,82.24,82.36,2.16,-1.69,9.31,11,72.1,69,30,0.02311,0.00707,0.01278,0.0011,0.13289,0.18158,0.0389,-0.53,-17.6,-15,12.2,0.1571,0.02311,0.00707,0.13289,0.0389
Korean,M,epr,epr_kor,8,2,pan,casual,4.984,,123.7,121.4,15.5,93.3,168.3,75.1,83.27,83.08,2.15,-1.2,9.01,10.21,73.6,70.7,30,0.01795,0.00462,0.00886,0.0011,0.1303,0.15275,0.03947,-1.75,-16.2,-19.3,12.9,0.1377,0.01795,0.00462,0.1303,0.03947
Korean,M,epr,epr_kor,8,3,con,polite,6.975,,128.6,126,18.3,86.9,183,96.1,83.9,83.72,2.48,-2.44,10.46,12.89,72.8,69.5,40.5,0.01636,0.00449,0.00852,0.0012,0.1066,0.13233,0.03069,-0.13,-15.4,-18.8,13.6,0.1207,0.01636,0.00449,0.1066,0.03069
Korean,M,epr,epr_kor,8,3,pan,casual,5.513,,124.4,120,18.5,86.4,178.4,92.1,83.32,82.89,2.47,-2.54,10.02,12.56,72,67.9,33.6,0.01489,0.00425,0.00786,0.0011,0.1172,0.12086,0.03342,-0.08,-14,-19.7,13.7,0.1119,0.01489,0.00425,0.1172,0.03342
Korean,M,epr,epr_kor,8,4,con,polite,7.211,,122.6,122.3,16.5,88.7,176.4,87.6,83.1,83.21,2.3,-2.06,9.82,11.89,72.7,68.5,37.7,0.01792,0.00507,0.00974,0.0011,0.11643,0.11526,0.03065,0.53,-16.5,-15.9,12.8,0.1256,0.01792,0.00507,0.11643,0.03065
Korean,M,epr,epr_kor,8,4,pan,casual,6.475,,126.9,123.2,19.6,97.9,192.1,94.2,83.67,83.34,2.48,-0.37,11.3,11.67,72.6,68,39.6,0.01761,0.00533,0.00943,0.0012,0.12732,0.16842,0.03709,0.46,-15.2,-20,12.9,0.1217,0.01761,0.00533,0.12732,0.03709
Korean,M,epr,epr_kor,8,5,con,polite,5.093,,121.4,119.3,18.4,89.6,159.7,70.1,82.89,82.78,2.6,-1.91,8.1,10.01,73.4,69.7,29.7,0.01977,0.00506,0.00943,0.0013,0.13386,0.15807,0.04301,-0.39,-15.5,-16.7,11,0.1551,0.01977,0.00506,0.13386,0.04301
Korean,M,epr,epr_kor,8,5,pan,casual,4.319,,120.5,118,16.8,91.3,171.2,79.9,82.79,82.59,2.38,-1.58,9.3,10.88,73.7,70,26.1,0.02153,0.00693,0.01205,0.0012,0.13223,0.18596,0.04296,-0.73,-13.7,-18.2,11.2,0.1476,0.02153,0.00693,0.13223,0.04296
Korean,M,epr,epr_kor,8,6,con,polite,6.546,,128.4,126.2,20.8,85.7,192.3,106.6,83.83,83.75,2.73,-2.67,11.32,13.99,73,68.9,39.5,0.02077,0.00659,0.01192,0.0014,0.11114,0.15098,0.03305,-1.59,-14.7,-20,11.5,0.1811,0.02077,0.00659,0.11114,0.03305
Korean,M,epr,epr_kor,8,6,pan,casual,6.04,,124.8,121.4,18.3,92.4,173.6,81.2,83.39,83.08,2.44,-1.38,9.54,10.92,72.9,68.5,36.2,0.01868,0.00561,0.0101,0.0012,0.11477,0.13797,0.03417,-1.99,-14.7,-20.2,11.5,0.1714,0.01868,0.00561,0.11477,0.03417
Korean,M,epr,epr_kor,8,7,con,polite,6.525,,123.8,120.7,17.2,91.7,162.8,71.1,83.26,82.98,2.39,-1.5,8.43,9.94,72.5,68,31.8,0.01905,0.00491,0.00896,0.0011,0.12491,0.13602,0.03979,-1.17,-16.3,-19.2,11.8,0.1525,0.01905,0.00491,0.12491,0.03979
Korean,M,epr,epr_kor,8,7,pan,casual,6.441,,131.3,128.8,19.4,91.1,169.9,78.8,84.25,84.11,2.59,-1.55,9.18,10.73,73.3,67.8,42.4,0.02066,0.00636,0.01086,0.0012,0.09946,0.12417,0.0285,0.22,-14.5,-18.6,12.2,0.1597,0.02066,0.00636,0.09946,0.0285
Korean,M,epr,epr_kor,8,8,con,polite,6.973,,113.6,113.7,11.2,93.3,151.4,58.1,81.85,81.95,1.69,-1.19,7.17,8.36,67.2,63.2,34.9,0.02035,0.00654,0.01234,0.0009,0.1534,0.19289,0.04667,-1.18,-12.7,-14.1,10.4,0.2005,0.02035,0.00654,0.1534,0.04667
Korean,M,epr,epr_kor,8,8,pan,casual,6.263,,124.7,125.4,13.9,85.4,155.8,70.4,83.43,83.64,1.97,-2.56,7.67,10.23,69.7,66.1,35,0.01798,0.00574,0.01001,0.001,0.12657,0.15115,0.04065,-3.02,-13.4,-18.2,11.4,0.1567,0.01798,0.00574,0.12657,0.04065
Korean,M,epr,epr_kor,8,9,con,polite,6.96,,123,120.4,20.9,86.1,170.3,84.2,83.06,82.95,2.94,-2.59,9.17,11.76,72.2,66.1,38.6,0.02024,0.00677,0.01164,0.0017,0.13034,0.18009,0.04238,-1.08,-15.7,-19.4,11.9,0.1647,0.02024,0.00677,0.13034,0.04238
Korean,M,epr,epr_kor,8,9,pan,casual,5.968,,130.7,129.5,19.4,91,175.2,84.3,84.16,84.2,2.6,-1.64,9.7,11.35,72.3,66.2,39.9,0.01989,0.00642,0.01151,0.0016,0.11981,0.18708,0.03655,-1.1,-14.6,-21.3,12,0.1608,0.01989,0.00642,0.11981,0.03655
