index,subject,gender,filename,interval,task,attitude,intst,inted,f0md,f0mn,f0sd,f0mx,f0mi,f0range,inmd,inrange,jitloc,jitrap,jitppq5,periodsd,shimloc,shimapq11,shimapq3,h1mh2mn,slopen0114,slopen5228,mnHNR,mnNHR,jitlocvr,jitrapvr,shimlocvr,shimapq3vr,h1h2mn,h1h2md,h1h2sd,h1h2cI,h1h2cH,h1a3,h1a3cI,h1a3cH,f0mnf
2,F1,F,Korean_F1,note_1_2_impol,not,inf,342.455,397.614,90.8,196.5,3.87,17.3,7,10.3,67.2,25.3,0.01639,0.00623,0.00695,0.0011,0.05736,0.05731,0.01652,9.73,-22.2,-22.4,18.6,0.0498,0.01634,0.00621,0.05727,0.01645,NA,NA,NA,3.01,16.8,-36.23,0,29.2,226.3
3,F1,F,Korean_F1,note_1_1_pol,not,pol,475.537,504.045,91.3,197.7,3.59,16.1,7.3,8.8,65.6,24.3,0.01837,0.00715,0.00762,0.001,0.06002,0.05222,0.01778,10.09,-23.5,-19.2,18.2,0.0555,0.01836,0.00714,0.05976,0.01754,NA,NA,NA,3.54,16.12,-39.97,-0.52,32.13,180.7
4,F1,F,Korean_F1,note_2_1_impol,not,inf,672.417,732.726,90.9,197.3,3.89,16.8,6.6,10.1,64.8,28.4,0.01979,0.00765,0.00862,0.0011,0.06303,0.0586,0.01912,11.35,-21.5,-22.5,17.4,0.0652,0.01975,0.00765,0.06292,0.01903,NA,NA,NA,4.67,15.83,-38.52,0.33,31.78,241.2
5,F1,F,Korean_F1,note_2_2_pol,not,pol,811.935,852.76,90.7,196.3,4.39,16.9,4.1,12.8,64.8,26.1,0.02091,0.00852,0.00893,0.0013,0.06508,0.06144,0.01921,9.29,-23.9,-21.1,17.7,0.0675,0.02075,0.00846,0.06467,0.01901,NA,NA,NA,4.54,14.68,-38.06,0,32.22,143.7
6,F1,F,Korean_F1,dct_1_1_pol,dct,pol,933.309,951.701,91.6,206.2,4.09,17.7,7.6,10.1,64.8,25.4,0.01674,0.00631,0.00681,0.0011,0.05178,0.04336,0.01534,11.22,-21.9,-20.8,18.9,0.0488,0.01648,0.00618,0.05152,0.01518,NA,NA,NA,5.26,16.21,-39.45,0,34.27,219.7
7,F1,F,Korean_F1,dct_1_2_impol,dct,inf,998.405,1011.956,91.6,204.6,2.95,17.6,8,9.6,65.1,28,0.01657,0.00583,0.00658,9.00E-04,0.0561,0.05473,0.01574,7,-21.7,-21.9,19.1,0.0419,0.01657,0.00583,0.0561,0.01573,NA,NA,NA,3.34,17.31,-41.2,0,35.69,266.3
8,F1,F,Korean_F1,dct_2_1_pol,dct,pol,1051.847,1057.064,96.9,266.7,2.08,20.3,13.2,7.1,67.4,19.1,0.01018,0.00447,0.00442,5.00E-04,0.04324,0.0361,0.01292,8.57,-20.7,-23,21,0.0229,0.01018,0.00447,0.04324,0.01292,NA,NA,NA,-3.18,11.34,-35.42,0,27.33,294.3
9,F1,F,Korean_F1,dct_2_2_impol,dct,inf,1097.925,1102.172,96.9,263.8,4.15,20.3,4.6,15.7,67.3,27.6,0.01885,0.00897,0.01068,9.00E-04,0.08521,0.0682,0.02299,12.95,-16.2,-17.1,15.1,0.0939,0.01885,0.00897,0.08521,0.02299,NA,NA,NA,2.91,18.42,-36.73,0,38.33,269.3
10,F1,F,Korean_F1,dct_3_1_pol,dct,pol,1150.611,1157.402,92.6,216.1,2.85,16.4,10,6.4,64.6,26.4,0.01633,0.00713,0.00722,7.00E-04,0.0481,0.03234,0.01607,12.5,-25.5,-16.6,20.9,0.0471,0.01633,0.00713,0.0481,0.01607,NA,NA,NA,3.82,16.76,-40.5,0,33.64,195.6
11,F1,F,Korean_F1,dct_3_2_impol,dct,inf,1195.142,1199.268,95.8,248.5,4.02,20.9,9.5,11.4,67.5,27.6,0.01646,0.00703,0.00741,9.00E-04,0.06294,0.05679,0.02188,5.2,-15.5,-26.2,16.4,0.0555,0.01646,0.00703,0.06294,0.02188,NA,NA,NA,6.28,17.99,-28.77,0,24.51,291.3
12,F1,F,Korean_F1,dct_4_1_pol,dct,pol,1249.704,1255.948,95.6,250.7,3.8,21.6,9.7,11.9,67.2,23.5,0.0164,0.00606,0.00709,9.00E-04,0.0487,0.04179,0.01355,9.56,-24.1,-19.6,19.2,0.0486,0.0164,0.00606,0.0487,0.01355,NA,NA,NA,6.1,10.1,-34.55,0,26.18,280.8
13,F1,F,Korean_F1,dct_4_2_impol,dct,inf,1290.967,1294.212,97.7,268.4,5.08,23.8,8.3,15.5,65.6,25,0.01727,0.00538,0.0062,0.0011,0.05471,0.0511,0.01678,10.66,-21.3,-24.8,19,0.0391,0.01727,0.00538,0.05471,0.01678,NA,NA,NA,0,19.31,-35.59,0,29.12,277.6
14,F1,F,Korean_F1,dct_5_1_pol,dct,pol,1328.043,1333.668,93.5,224.1,2.25,17.5,10.2,7.4,68.1,23.3,0.01437,0.00519,0.00635,6.00E-04,0.04775,0.03975,0.01386,11.85,-23.7,-22,20.3,0.0415,0.01437,0.00519,0.04775,0.01386,NA,NA,NA,4.06,13.91,-35.88,0,31.64,215.1
15,F1,F,Korean_F1,dct_5_2_impol,dct,inf,1372.424,1376.374,95.4,250.5,5.54,21.2,-0.05,21.2,65.7,25.2,0.01297,0.00449,0.00504,0.0013,0.05364,0.04983,0.01688,10.45,-15.8,-25.3,17.9,0.0386,0.01297,0.00449,0.05341,0.01671,NA,NA,NA,1.07,9.42,-34.16,0,27.01,241.2
17,F2,F,Korean_F2,note_1_2_impol,not,inf,271.801,311.491,93.9,217.7,6.52,21.3,1.1,20.2,66.3,28.4,0.01969,0.01007,0.00927,0.0018,0.06595,0.05341,0.02777,6.67,-16.9,-18.4,16.3,0.07,0.01968,0.01007,0.06593,0.02776,NA,NA,NA,-0.61,4.42,-30.12,-0.89,27.1,232.8
18,F2,F,Korean_F2,note_1_1_pol,not,pol,373.435,404.267,94.8,229.3,5.52,20.1,2,18.2,65.9,23.8,0.02153,0.01124,0.00999,0.0014,0.06073,0.05193,0.02421,11.26,-19.2,-15.8,17.4,0.0585,0.0215,0.01122,0.06071,0.0242,NA,NA,NA,2.44,5.35,-33.72,-0.51,28.03,234.2
19,F2,F,Korean_F2,note_2_1_impol,not,inf,446.933,499.805,95.1,247.3,3.92,20.6,6.7,13.9,64.2,27,0.02012,0.00995,0.00925,9.00E-04,0.06021,0.04918,0.02259,13.91,-19.4,-18.3,17.8,0.0619,0.02009,0.00994,0.06016,0.02257,NA,NA,NA,6.36,9.32,-39.65,0.22,32,277
20,F2,F,Korean_F2,note_2_2_pol,not,pol,555.562,601.317,95.3,244.7,4.99,21.2,4.1,17.1,64.2,25.8,0.02226,0.01126,0.00994,0.0012,0.06515,0.05319,0.02606,10.26,-19.7,-18.5,17.1,0.0689,0.02215,0.01122,0.06505,0.02601,NA,NA,NA,2.71,4.58,-35.14,-0.41,29.65,336.9
21,F2,F,Korean_F2,dct_1_1_pol,dct,pol,707.552,714.814,95.1,238.7,5.11,20,4.1,15.9,59.9,27.1,0.01636,0.00813,0.00744,0.0013,0.05515,0.0403,0.01933,12.04,-17.6,-16.1,17.5,0.0567,0.01626,0.00809,0.0551,0.01929,NA,NA,NA,1.74,3.99,-36.03,0,31.12,173.8
22,F2,F,Korean_F2,dct_1_2_impol,dct,inf,751.404,759.33,95.5,254.4,2.24,19.9,13.8,6,61.4,24,0.01953,0.01016,0.00985,5.00E-04,0.07044,0.05644,0.02701,21.5,-19.4,-12.4,17.1,0.0616,0.01953,0.01016,0.07044,0.02701,NA,NA,NA,5.53,5.68,-39.41,0,29.25,173.1
23,F2,F,Korean_F2,dct_2_1_pol,dct,pol,791.771,797.724,97,266.2,3.45,20.5,5.7,14.7,59.6,23.3,0.01734,0.00833,0.0083,8.00E-04,0.05447,0.04328,0.01962,14.23,-21.7,-16.6,18.3,0.0563,0.01734,0.00833,0.05449,0.01964,NA,NA,NA,4.8,12.43,-37.4,0,32.98,286.3
24,F2,F,Korean_F2,dct_2_2_impol,dct,inf,822.755,826.618,97.1,267.1,4.99,20.5,3.6,16.8,59.7,21.6,0.02193,0.01155,0.01062,0.0011,0.09473,0.0724,0.04126,13.14,-17,-17.3,15.3,0.0767,0.02193,0.01155,0.09473,0.04126,NA,NA,NA,4.01,12.13,-40.68,0,30.57,263.9
25,F2,F,Korean_F2,dct_3_1_pol,dct,pol,859.478,864.299,97.4,283,2.44,21.8,14.9,6.9,61.1,25.2,0.01722,0.00806,0.00798,5.00E-04,0.05733,0.04559,0.02061,14.79,-16.7,-14.5,17.1,0.0664,0.01709,0.00802,0.05728,0.0206,NA,NA,NA,8.85,9.46,-32.23,-1.37,27.85,283.3
26,F2,F,Korean_F2,dct_3_2_impol,dct,inf,885.12,888.513,99.1,296.5,2.81,22.4,14.5,7.9,61.9,25.7,0.01765,0.00877,0.00835,6.00E-04,0.07244,0.06106,0.02636,12.81,-16.3,-18.4,16.3,0.0597,0.01765,0.00877,0.07244,0.02636,NA,NA,NA,5.55,9.77,-33.2,0,25.74,283.5
27,F2,F,Korean_F2,dct_4_1_pol,dct,pol,931.617,937.041,97.4,273.1,3.96,22.1,13.4,8.7,63.4,17.3,0.01973,0.01132,0.01021,9.00E-04,0.06019,0.05001,0.0243,12.69,-19.9,-12.3,17.7,0.0422,0.01973,0.01132,0.06019,0.0243,NA,NA,NA,1.64,5.73,-35.72,0,26.47,192.6
28,F2,F,Korean_F2,dct_4_2_impol,dct,inf,961.455,966.078,97.8,295.9,3.25,23.1,14.1,9.1,63,23.6,0.02048,0.01034,0.00948,6.00E-04,0.06415,0.04676,0.02706,8.86,-19.9,-14.8,17.7,0.0518,0.02048,0.01034,0.06415,0.02706,NA,NA,NA,5.94,10.8,-34.84,-2.54,32.33,256.6
29,F2,F,Korean_F2,dct_5_1_pol,dct,pol,1030.516,1034.382,97,276.1,1.35,20.1,15.7,4.5,60.6,16.9,0.01553,0.00833,0.00789,3.00E-04,0.06192,0.0527,0.02541,17.56,-21.3,-18.5,18.9,0.0396,0.01553,0.00833,0.06192,0.02541,NA,NA,NA,14.12,18.52,-40.69,0,32.49,265.2
30,F2,F,Korean_F2,dct_5_2_impol,dct,inf,1086.598,1089.199,97.8,293.8,2.08,22.3,16.3,6,62.5,21.3,0.01302,0.00624,0.00681,4.00E-04,0.04996,0.0363,0.02094,7.56,-18.6,-16.9,19.5,0.0467,0.01291,0.0062,0.0499,0.02091,NA,NA,NA,7.62,8.84,-38.82,0,31.15,324.7
32,F3,F,Korean_F3,note_1_1_pol,not,pol,218.242,250.6,94.4,239.2,2.57,19.4,11.1,8.3,67,25.9,0.01276,0.00505,0.00567,6.00E-04,0.05156,0.05162,0.01449,10.43,-23.3,-19.8,19.9,0.0354,0.01276,0.00505,0.05154,0.01448,NA,NA,NA,5.2,13.37,-37.75,1.09,33.27,215.9
33,F3,F,Korean_F3,note_1_2_impol,not,inf,318.68,361.605,95.9,258.1,3.03,20.9,11.5,9.4,67.1,28.9,0.01319,0.00513,0.00579,7.00E-04,0.05437,0.05451,0.0159,6.18,-17.9,-22.7,18.5,0.0415,0.01319,0.00513,0.05434,0.01589,NA,NA,NA,6,14.5,-34.02,0,31.23,188.6
34,F3,F,Korean_F3,note_2_1_impol,not,inf,427.236,476.735,95.2,250.4,3.14,20.4,11.4,8.9,66.6,31.6,0.01409,0.00555,0.00631,7.00E-04,0.05277,0.05423,0.01525,8.66,-17.4,-23.6,18.7,0.0439,0.01408,0.00554,0.05274,0.01523,NA,NA,NA,6.89,14.66,-35.93,0,33.07,171.8
35,F3,F,Korean_F3,note_2_2_pol,not,pol,552.268,608.046,95.1,244.7,3.25,19.7,10.3,9.4,65,26.3,0.01364,0.00599,0.00622,8.00E-04,0.05337,0.04926,0.01614,10.52,-21,-21.2,19.3,0.0396,0.01362,0.00598,0.05337,0.01614,NA,NA,NA,4.46,14.34,-36.43,0.34,32.56,193.6
36,F3,F,Korean_F3,dct_1_1_pol,dct,pol,655.28,671.735,93.9,237.7,2.9,19.8,10.7,9.1,64.2,25.6,0.01223,0.00498,0.00544,7.00E-04,0.04506,0.04133,0.01222,10.1,-24,-19.7,20.7,0.033,0.01223,0.00498,0.04506,0.01222,NA,NA,NA,4.24,10.19,-40.55,0,35.06,202.7
37,F3,F,Korean_F3,dct_1_2_impol,dct,inf,708.064,716.227,94.1,234.4,2.49,19.3,11.2,8.1,65.9,27.1,0.01339,0.00555,0.00662,6.00E-04,0.05558,0.05831,0.01571,4.49,-21.4,-20.7,19,0.0392,0.01335,0.00553,0.05554,0.01571,NA,NA,NA,5.73,14.12,-38.3,0,35.04,273.4
38,F3,F,Korean_F3,dct_2_1_pol,dct,pol,757.998,779.737,94.2,237.9,2.46,18.8,12,6.7,64.3,28.7,0.01113,0.00422,0.00503,6.00E-04,0.04872,0.04696,0.01251,13.03,-24.2,-15.7,21.6,0.0296,0.01107,0.00419,0.04871,0.0125,NA,NA,NA,4.7,8.53,-40.59,0,30.7,237.7
39,F3,F,Korean_F3,dct_2_2_impol,dct,inf,815.026,821.858,94.6,243.6,3.23,20.4,11.7,8.7,64.1,26.1,0.0122,0.00513,0.00555,9.00E-04,0.05187,0.05673,0.015,9.14,-21.5,-19.1,20.2,0.0409,0.0122,0.00513,0.05187,0.015,NA,NA,NA,13.36,18.23,-37.79,1.27,40.41,236.3
40,F3,F,Korean_F3,dct_3_1_pol,dct,pol,866.643,878.07,96.7,268.8,2.54,20.6,13.1,7.5,65,28.9,0.01215,0.00487,0.00492,6.00E-04,0.05041,0.04343,0.01402,12.17,-22.7,-14.6,20.7,0.0295,0.01215,0.00487,0.05041,0.01402,NA,NA,NA,3.37,2.82,-41.01,0,30.04,248
41,F3,F,Korean_F3,dct_3_2_impol,dct,inf,913.799,919.554,97.4,279.8,3.01,21.9,12.3,9.7,67.3,29.7,0.0108,0.00409,0.00487,6.00E-04,0.04782,0.04624,0.01256,4.47,-16.8,-24.4,19.8,0.0305,0.0108,0.00409,0.04782,0.01256,NA,NA,NA,4.86,8.44,-34.38,0,23.85,223.7
42,F3,F,Korean_F3,dct_4_1_pol,dct,pol,953.893,958.841,96.6,276.4,2.87,22.1,12.9,9.2,67.3,16.6,0.01112,0.00412,0.0052,6.00E-04,0.04263,0.03947,0.01236,6.37,-20.1,-19.1,20.6,0.0299,0.01112,0.00412,0.04263,0.01236,NA,NA,NA,3.93,11.52,-34.24,0,32.13,225.3
43,F3,F,Korean_F3,dct_4_2_impol,dct,inf,990.692,995.433,99.1,305.7,3.15,23.7,13.4,10.3,66.7,23.7,0.01373,0.00546,0.00628,6.00E-04,0.0554,0.05095,0.01741,6.72,-16.9,-20.4,18.1,0.0486,0.01373,0.00546,0.0554,0.01741,NA,NA,NA,8.75,18.34,-28.36,0,30.29,251
44,F3,F,Korean_F3,dct_5_1_pol,dct,pol,1030.995,1035.05,94.7,239,2.05,18.2,11.5,6.6,65.6,19.2,0.01006,0.00397,0.00465,5.00E-04,0.04466,0.04172,0.01065,15.87,-21.3,-18.1,21.2,0.0307,0.01006,0.00397,0.04466,0.01065,NA,NA,NA,6.55,15.98,-38.86,1.5,30.8,208.2
45,F3,F,Korean_F3,dct_5_2_impol,dct,inf,1060.735,1066.245,94,250.9,4.09,23.5,10.9,12.5,63.6,31.4,0.01399,0.00622,0.0066,0.001,0.05606,0.05084,0.01866,5.96,-19.3,-21,18.4,0.0449,0.01382,0.00609,0.05593,0.0186,NA,NA,NA,3.29,9.32,-35.06,1.76,25.44,195.3
47,F4,F,Korean_F4,note_1_1_pol,not,pol,215.689,260.176,92,213.4,3.34,19,8.2,10.8,63.1,25,0.01406,0.00537,0.0063,9.00E-04,0.05247,0.0493,0.01473,10.31,-19.1,-20.4,19.1,0.0434,0.01405,0.00537,0.05246,0.01472,NA,NA,NA,6.5,13.73,-37.29,0,33.8,252.7
48,F4,F,Korean_F4,note_1_2_impol,not,inf,343.809,426.248,93.2,227.9,3.78,20.1,8.2,11.9,64.1,31.8,0.0153,0.00563,0.00682,0.001,0.0562,0.05462,0.01618,8.06,-16.5,-21.3,17.7,0.0549,0.01526,0.00561,0.05615,0.01616,NA,NA,NA,7.3,13.44,-33.86,-0.11,30.13,258.6
49,F4,F,Korean_F4,note_2_1_impol,not,inf,506.011,585.796,92.7,224.9,4.18,20.4,7.5,12.9,62.6,32,0.01769,0.00703,0.00798,0.0011,0.05682,0.0517,0.01731,7.65,-14.9,-20.6,16.9,0.0588,0.01767,0.00701,0.05676,0.01727,NA,NA,NA,7.6,13.79,-34.39,0,31.42,223.4
50,F4,F,Korean_F4,note_2_2_pol,not,pol,655.237,737.595,92,215.6,3.88,19.8,7.9,11.9,62.6,28,0.01598,0.00631,0.00712,0.0011,0.05361,0.04919,0.01615,7.53,-16.5,-21.5,18.1,0.0518,0.01595,0.00629,0.05357,0.01612,NA,NA,NA,7.38,15.36,-35.4,-0.03,32.97,175.4
51,F4,F,Korean_F4,dct_1_1_pol,dct,pol,777.733,800.668,90.6,193.5,4.42,16.9,3.4,13.5,59.3,27.3,0.01522,0.00639,0.00686,0.0014,0.05083,0.0436,0.01491,9.16,-22.2,-16.9,19.2,0.0465,0.01513,0.00634,0.05066,0.01483,NA,NA,NA,6.18,14.35,-40.74,0,37.73,111.3
52,F4,F,Korean_F4,dct_1_2_impol,dct,inf,825.082,832.442,93,221.3,3.27,19.5,8.7,10.8,61.2,24.7,0.01799,0.0078,0.0092,8.00E-04,0.05846,0.05329,0.01628,9.19,-20.8,-17.1,17.6,0.0549,0.01778,0.00773,0.05831,0.01622,NA,NA,NA,7.79,15.82,-36.55,-1.12,35.88,278.2
53,F4,F,Korean_F4,dct_2_1_pol,dct,pol,860.688,872.892,92,206.2,3.97,17.4,8.1,9.3,64.2,21.2,0.01241,0.00546,0.0059,0.0012,0.04903,0.04543,0.01517,8.48,-19,-22.1,19.7,0.0417,0.01241,0.00546,0.04903,0.01517,NA,NA,NA,5.12,12.35,-37.26,0,32.7,81.7
54,F4,F,Korean_F4,dct_2_2_impol,dct,inf,895.261,899.977,94.6,245,2.83,20.2,11.1,9.1,63.8,20.6,0.01486,0.00619,0.00768,7.00E-04,0.05835,0.06044,0.01564,4.45,-18.5,-23.8,18.1,0.0541,0.01486,0.00619,0.05835,0.01564,NA,NA,NA,4.9,13.29,-37.65,0,36.02,314.8
55,F4,F,Korean_F4,dct_3_1_pol,dct,pol,936.79,944.81,92,208.5,3.81,17.5,8.4,9.1,62.1,29.6,0.01417,0.00626,0.00674,0.0011,0.05491,0.05742,0.01562,9.67,-23.2,-20,20.2,0.0427,0.01417,0.00626,0.05481,0.01553,NA,NA,NA,5.06,20.51,-39.98,0,32.76,115.3
56,F4,F,Korean_F4,dct_3_2_impol,dct,inf,962.007,964.407,92.3,219.1,3.54,18.9,8.3,10.6,64.8,21.6,0.01654,0.00635,0.00838,9.00E-04,0.06606,0.06199,0.02057,0,-17.5,-16.2,17.1,0.054,0.01638,0.00634,0.06604,0.02057,NA,NA,NA,0.32,14.16,-29.95,0,22.59,172.6
57,F4,F,Korean_F4,dct_4_1_pol,dct,pol,988.354,991.085,97.1,268.7,2.37,20.7,12.5,8.2,64.5,16.5,0.01213,0.00564,0.00588,5.00E-04,0.04195,0.04232,0.01391,-2.55,-13,-22.6,19.5,0.0329,0.01213,0.00564,0.04195,0.01391,NA,NA,NA,9.86,24.26,-20.64,0,22.23,274.1
58,F4,F,Korean_F4,dct_4_2_impol,dct,inf,1015.892,1018.094,95.8,255.7,4.27,24.1,9.7,14.5,62.8,28.6,0.0145,0.00486,0.0057,0.001,0.04803,0.04435,0.01426,0,-15.4,-28,18.2,0.0444,0.01448,0.00484,0.04782,0.01417,NA,NA,NA,9.19,36.5,-28.03,0,28.08,296.1
59,F4,F,Korean_F4,dct_5_1_pol,dct,pol,1044.099,1055.62,93.3,229.8,2.92,19.8,10.4,9.4,63.5,21.1,0.01253,0.00544,0.00596,7.00E-04,0.0542,0.05348,0.01686,8.03,-18.1,-23.1,18.6,0.0438,0.01247,0.00542,0.05413,0.01684,NA,NA,NA,7.85,11.91,-34.59,3.03,29.18,172
60,F4,F,Korean_F4,dct_5_2_impol,dct,inf,1072.211,1080.546,91.5,209,3.53,19.2,7.1,12.2,61,23.4,0.01768,0.00735,0.00828,0.001,0.06656,0.06673,0.01988,6.57,-18,-21.7,17.4,0.056,0.01768,0.00735,0.06656,0.01988,NA,NA,NA,6.54,17.48,-38.3,0,33.19,248.6
62,F5,F,Korean_F5,note_1_1_pol,not,pol,195.219,252.732,95.1,250.3,3.06,21.3,11.1,10.2,62.2,28.8,0.01121,0.00431,0.00481,7.00E-04,0.04125,0.03783,0.01183,5.44,-16.6,-23.5,20.6,0.0367,0.01113,0.00427,0.04113,0.01179,NA,NA,NA,7.19,14.66,-37.3,-0.09,38.89,213.7
63,F5,F,Korean_F5,note_1_2_impol,not,inf,300.443,382.117,95,257.2,3.92,24,10.7,13.3,64.4,30.2,0.01196,0.00444,0.00524,9.00E-04,0.0461,0.04318,0.01364,2.8,-13.5,-21.5,19,0.0451,0.01195,0.00444,0.04609,0.01363,NA,NA,NA,5.37,11.81,-30.19,-0.08,31.41,273
64,F5,F,Korean_F5,note_2_1_impol,not,inf,426.657,501.086,95.9,268.1,3.98,24.2,10.7,13.5,64,32.3,0.01415,0.00543,0.00633,9.00E-04,0.05009,0.0459,0.01466,1.76,-13.2,-23.1,18.1,0.0536,0.01413,0.00543,0.05008,0.01465,NA,NA,NA,6.89,11.22,-33.75,-0.003,34.02,258
65,F5,F,Korean_F5,note_2_2_pol,not,pol,546.319,634.318,95.8,268.5,3.68,23.5,11.4,12.1,63.2,32.4,0.01103,0.0041,0.00465,8.00E-04,0.04338,0.03954,0.01304,3.86,-14,-23.5,19.4,0.0403,0.01101,0.00409,0.04337,0.01304,NA,NA,NA,6.42,12.91,-33.3,0.06,33.94,242.9
66,F5,F,Korean_F5,dct_1_1_pol,dct,pol,737.354,767.437,95.7,270.1,3.49,23.3,12.5,10.9,62.6,31.8,0.01049,0.00375,0.00433,8.00E-04,0.04652,0.04364,0.01426,2.2,-12.9,-25.9,19.5,0.0375,0.01049,0.00375,0.04652,0.01426,NA,NA,NA,5.57,10.76,-35.09,0,35.95,254.7
67,F5,F,Korean_F5,dct_1_2_impol,dct,inf,796.394,809.06,98.4,298.6,4.36,24.6,10.8,13.8,65.2,31.4,0.01037,0.00376,0.00439,9.00E-04,0.03869,0.03504,0.01181,3.09,-13.7,-26.3,20.2,0.0363,0.01037,0.00376,0.03869,0.01181,NA,NA,NA,1.62,11.49,-34.5,0,32.55,387.7
68,F5,F,Korean_F5,dct_2_1_pol,dct,pol,855.062,869.883,103.9,418.6,3.65,29.8,18.8,11,72.4,37.1,0.00782,0.00287,0.00342,5.00E-04,0.05289,0.05094,0.01461,7.17,-10,-21.1,19.7,0.0335,0.00782,0.00287,0.05289,0.01461,NA,NA,NA,0.61,-3.28,-23.98,0,16.68,428
69,F5,F,Korean_F5,dct_2_2_impol,dct,inf,901.526,913.342,101.8,356.8,4.05,26.8,15.1,11.6,63.5,36,0.01452,0.00558,0.00548,8.00E-04,0.05715,0.05495,0.02069,-0.76,-9.3,-16.4,16,0.0677,0.01453,0.00557,0.05707,0.02066,NA,NA,NA,9.14,10.49,-22.01,0,23.88,441.1
70,F5,F,Korean_F5,dct_3_1_pol,dct,pol,956.785,984.124,96.5,267.4,3.48,22.2,10.7,11.5,61.4,31.9,0.01214,0.00504,0.00525,8.00E-04,0.04846,0.04444,0.01642,0.26,-14.1,-23.2,19.1,0.0385,0.01208,0.00501,0.04841,0.01642,NA,NA,NA,4.31,11.2,-30.08,0,30.48,198.9
71,F5,F,Korean_F5,dct_3_2_impol,dct,inf,1006.792,1014.42,103.9,409.3,5.13,30.5,15.3,15.2,73.4,36,0.01511,0.00501,0.00645,8.00E-04,0.0713,0.06441,0.02647,3.26,-5.6,-16.2,12.7,0.1144,0.01503,0.00497,0.07115,0.02641,NA,NA,NA,0.44,3.3,-13.97,-2.34,17.25,449.9
72,F5,F,Korean_F5,dct_4_1_pol,dct,pol,1058.686,1077.993,96.8,282.5,4,25,11.6,13.4,62.6,30.8,0.01198,0.00467,0.00546,8.00E-04,0.04273,0.0403,0.01283,1.19,-16,-25.1,19.5,0.0409,0.01189,0.00462,0.04266,0.01281,NA,NA,NA,1.75,13.04,-32,0,31.25,263.7
73,F5,F,Korean_F5,dct_4_2_impol,dct,inf,1125.657,1131.815,101.1,350.7,4.12,26.9,13.1,13.7,62,29.3,0.01537,0.00616,0.00669,7.00E-04,0.05634,0.05101,0.01989,2.81,-12,-18.2,16.6,0.0612,0.01537,0.00616,0.05638,0.01993,NA,NA,NA,2.32,12.45,-22.53,0,20.07,308.6
74,F5,F,Korean_F5,dct_5_1_pol,dct,pol,1165.007,1172.826,102.7,395.2,3.28,29.1,19.1,10,69.8,27.4,0.00823,0.0032,0.00377,5.00E-04,0.04162,0.0381,0.01306,0.64,-9.5,-25.9,21,0.0255,0.00823,0.0032,0.04162,0.01306,NA,NA,NA,1.96,5.61,-22.94,0,19.54,419.7
75,F5,F,Korean_F5,dct_5_2_impol,dct,inf,1205.767,1212.018,98.1,284.3,3.97,21,11.1,9.9,63.3,25.9,0.01754,0.00619,0.0073,9.00E-04,0.07007,0.07845,0.02075,-2.75,-7.7,-17.7,14.3,0.098,0.01754,0.00619,0.07007,0.02075,NA,NA,NA,6.45,15.22,-23.12,0,21.83,300.9
77,F6,F,Korean_F6,note_1_1_pol,not,pol,201.673,236.103,95,253.6,4.23,22.7,9.5,13.2,65.6,22.7,0.0145,0.00585,0.0066,0.001,0.07395,0.07807,0.023,4.83,-14.4,-17.7,16,0.0648,0.01442,0.00581,0.07384,0.02294,NA,NA,NA,5.13,11.42,-27.96,-0.58,25.44,205.4
78,F6,F,Korean_F6,note_1_2_impol,not,inf,278.048,329.187,94.9,251.6,4.61,22.8,8.2,14.6,65.5,27.2,0.01526,0.0058,0.00652,0.0011,0.06803,0.07033,0.01982,3.41,-12.6,-17.3,16.2,0.0667,0.01522,0.00578,0.06794,0.01976,NA,NA,NA,4.69,10.93,-28.79,-0.57,25.4,177.7
79,F6,F,Korean_F6,note_2_1_impol,not,inf,357.602,419.967,94.3,241,4.59,22.1,7.8,14.3,65,31.9,0.01607,0.00663,0.00751,0.0011,0.06435,0.0602,0.02005,5.87,-11.1,-16.5,15.6,0.0741,0.01607,0.00663,0.06435,0.02004,NA,NA,NA,7.81,13.95,-27.75,-0.43,25.78,363
80,F6,F,Korean_F6,note_2_2_pol,not,pol,453.121,496.79,95.4,255.3,4.34,22.4,8.8,13.6,65.1,30.9,0.01546,0.00661,0.00707,0.001,0.06703,0.06297,0.02117,4.49,-11.2,-18.2,15.9,0.0686,0.0154,0.00658,0.067,0.02116,NA,NA,NA,5.95,11.25,-27.08,-0.25,23.38,77.4
81,F6,F,Korean_F6,dct_1_1_pol,dct,pol,528.303,543.475,94.8,246.2,4.3,22,9.6,12.5,64.8,32.7,0.01343,0.00585,0.00621,0.001,0.05826,0.05371,0.01852,4.02,-12.4,-18.6,17.4,0.0579,0.01325,0.00575,0.05784,0.01842,NA,NA,NA,1.92,5.4,-29.79,0,21.28,175.7
82,F6,F,Korean_F6,dct_1_2_impol,dct,inf,570.008,574.197,93.6,227.5,3.27,19.3,8.5,10.8,65.1,36.4,0.01511,0.00595,0.0075,8.00E-04,0.09343,0.11538,0.02558,1.32,-12.6,-19.8,14.9,0.0679,0.01511,0.00595,0.09343,0.02558,NA,NA,NA,11.94,16.81,-24.29,0,23.87,157.4
83,F6,F,Korean_F6,dct_2_1_pol,dct,pol,595.18,601.806,92,207.6,2.78,17.1,8.1,9,64.6,28.3,0.01562,0.00678,0.00777,8.00E-04,0.05689,0.05534,0.01721,10.61,-15.6,-21.5,17.6,0.0549,0.01562,0.00678,0.05689,0.01721,NA,NA,NA,6.46,11.9,-34.05,0,28.74,207.1
84,F6,F,Korean_F6,dct_2_2_impol,dct,inf,624.965,630.408,94.1,236.3,4.56,20.6,6.4,14.2,62.1,32.7,0.01954,0.00812,0.00938,0.0011,0.08067,0.08472,0.02621,2.5,-13.8,-19.1,14.4,0.0886,0.01954,0.00812,0.08067,0.02621,NA,NA,NA,6.7,10.94,-25.45,-0.36,25.96,294
85,F6,F,Korean_F6,dct_3_1_pol,dct,pol,660.423,670.893,94.9,237.6,4.5,20.1,6.8,13.3,65.1,31.2,0.01608,0.00658,0.00681,0.0011,0.06557,0.05987,0.02017,9.2,-13,-18.9,15,0.0827,0.01608,0.00658,0.06558,0.02017,NA,NA,NA,3.55,11.11,-27.2,-0.57,27.15,99.7
86,F6,F,Korean_F6,dct_3_2_impol,dct,inf,691.529,696.1,91.3,201.9,4.08,17,7.7,9.4,64.5,32.1,0.01729,0.00692,0.00889,0.0012,0.08649,0.09714,0.02567,9.13,-12.4,-22.5,14.1,0.0909,0.01712,0.00689,0.08599,0.02544,NA,NA,NA,6.65,12.43,-34.11,0,31.81,174.9
87,F6,F,Korean_F6,dct_4_1_pol,dct,pol,720.035,727.921,96.2,260.9,5.31,22.7,8.8,13.9,68.2,18.5,0.0127,0.00499,0.00553,0.0012,0.06785,0.07511,0.02131,2.66,-11.9,-16.3,15.9,0.062,0.0127,0.00499,0.0676,0.02115,NA,NA,NA,6.4,9.11,-29.56,0,23.58,172.2
88,F6,F,Korean_F6,dct_4_2_impol,dct,inf,750.02,751.626,94.7,256.2,3.39,20.4,11.7,8.7,68,35.6,0.01393,0.00496,0.00509,8.00E-04,0.08302,0.09724,0.0206,0,-15.2,-20.6,16.2,0.0527,0.01393,0.00496,0.08302,0.0206,NA,NA,NA,8.44,9.58,-21.85,10.29,28.45,255.8
89,F6,F,Korean_F6,dct_5_1_pol,dct,pol,775.361,784.417,92.6,222.2,3.73,19.8,7.8,11.9,66.5,23.7,0.01448,0.0059,0.00709,0.001,0.05782,0.0566,0.01739,4.85,-18.1,-20.6,18.9,0.0558,0.01418,0.0057,0.05754,0.01718,NA,NA,NA,1.49,11.62,-32.14,0,26,148.3
90,F6,F,Korean_F6,dct_5_2_impol,dct,inf,801.775,802.763,97.3,263.9,3.53,19.4,14.5,4.9,69.1,34.9,0.01449,0.00578,0.00623,8.00E-04,0.08136,0.08615,0.01847,0,-8.6,-17.5,12.6,0.0924,0.01449,0.00578,0.08136,0.01847,NA,NA,NA,3.52,7.72,-15.28,0,22.2,292
92,F7,F,Korean_F7,note_1_1_pol,not,pol,179.679,211.294,93.6,231.9,3.32,18.4,11.3,7.1,61.1,21.9,0.01814,0.00845,0.00892,8.00E-04,0.06173,0.05858,0.01844,8.05,-21.7,-15.5,18.2,0.0539,0.0178,0.00829,0.06081,0.01813,NA,NA,NA,9.08,15.38,-34.35,-0.07,35.69,217.8
93,F7,F,Korean_F7,note_1_2_impol,not,inf,276.784,320.839,93.5,229.5,2.56,18,11.6,6.5,61.1,26.2,0.0161,0.00731,0.00776,7.00E-04,0.05726,0.05525,0.01655,8.47,-18.7,-18,18.5,0.0441,0.01594,0.00725,0.05703,0.01646,NA,NA,NA,9.68,16.2,-36.14,0.48,33.41,225.3
94,F7,F,Korean_F7,note_2_1_impol,not,inf,393.399,446.553,93.3,222.3,2.82,17.3,10.9,6.4,58.9,28.7,0.0187,0.00892,0.00935,7.00E-04,0.06334,0.06472,0.01948,7.07,-18.7,-17.3,16.9,0.0546,0.01866,0.00891,0.06326,0.01945,NA,NA,NA,9.35,16.32,-35.25,-0.41,34.34,222.5
95,F7,F,Korean_F7,note_2_2_pol,not,pol,521.821,581.414,93.5,228,3.2,18.3,10.8,7.6,59.8,25.8,0.01682,0.00771,0.00808,8.00E-04,0.06061,0.05851,0.01871,7.52,-19.3,-16.6,17.5,0.0526,0.01664,0.00763,0.06035,0.01862,NA,NA,NA,9.54,16.69,-34.69,0.12,36.04,210.3
96,F7,F,Korean_F7,dct_1_1_pol,dct,pol,685.442,699.734,93.8,233.4,3.38,18.2,11.4,6.8,57.6,23.7,0.01591,0.00734,0.00753,9.00E-04,0.06774,0.06984,0.01989,8.52,-22.1,-14.6,17.4,0.0536,0.01547,0.00713,0.06741,0.0198,NA,NA,NA,8.22,14.57,-36.27,2.56,37.58,536.2
97,F7,F,Korean_F7,dct_1_2_impol,dct,inf,731.586,745.728,94.4,237.8,2.9,18.7,12,6.7,57.7,23.9,0.02029,0.0102,0.01023,7.00E-04,0.06011,0.05713,0.01945,5.86,-19.5,-17.8,16.4,0.0601,0.02026,0.01019,0.06005,0.01943,NA,NA,NA,8.53,14.73,-39.05,0.73,36.22,208.9
98,F7,F,Korean_F7,dct_2_1_pol,dct,pol,813.252,826.547,94,234.7,2.27,17.8,11.9,5.9,58.5,23.5,0.01594,0.00714,0.00803,6.00E-04,0.06174,0.05994,0.01855,4.29,-21.2,-16.4,17.4,0.0532,0.0158,0.00707,0.0617,0.01853,NA,NA,NA,5.99,14.68,-35.66,-0.26,34.93,202.3
99,F7,F,Korean_F7,dct_2_2_impol,dct,inf,861.829,875.567,94.5,245.4,2.61,21.5,12.2,9.3,60,23.3,0.01506,0.00742,0.00769,6.00E-04,0.08116,0.07317,0.0309,6.79,-17.1,-18.4,15.6,0.0735,0.01489,0.00733,0.08069,0.03079,NA,NA,NA,9.23,22.15,-36.74,0.37,39.09,222.5
100,F7,F,Korean_F7,dct_3_1_pol,dct,pol,919.58,927.021,94.4,242.1,2.79,19.4,11.8,7.6,57.4,25.9,0.02274,0.01141,0.01106,7.00E-04,0.06422,0.0621,0.02164,2.13,-20.5,-21,16,0.0726,0.02268,0.01139,0.06421,0.0216,NA,NA,NA,6.27,15.82,-35.41,1.05,33.27,225.1
101,F7,F,Korean_F7,dct_3_2_impol,dct,inf,948.625,956.533,95,251.1,2.69,21.4,12.4,8.9,59.4,26.4,0.01676,0.00795,0.00877,6.00E-04,0.06183,0.06523,0.02182,5.06,-15.8,-16.7,16.4,0.0559,0.01658,0.0079,0.06185,0.0218,NA,NA,NA,7.74,15.23,-33.74,-0.14,31.75,204.4
102,F7,F,Korean_F7,dct_4_1_pol,dct,pol,991.799,996.929,94.5,237.7,3.38,19.4,7.6,11.9,58.5,16.9,0.01594,0.00793,0.00825,8.00E-04,0.05992,0.05609,0.0236,2.98,-20.5,-14.2,16.6,0.0484,0.01594,0.00793,0.05992,0.0236,NA,NA,NA,9.3,13.22,-24.7,-1.15,25.04,205
103,F7,F,Korean_F7,dct_4_2_impol,dct,inf,1022.001,1024.906,95.7,256.4,4.96,21.2,6,15.2,59.5,15.6,0.01692,0.00856,0.00707,0.0011,0.05942,0.05016,0.02474,0.11,-18.4,-11.2,14.6,0.0721,0.016,0.008,0.05861,0.02448,NA,NA,NA,11.15,17.17,-28.44,-0.16,34.87,249.1
104,F7,F,Korean_F7,dct_5_1_pol,dct,pol,1057.319,1065.078,93.5,233.9,2.75,19.5,11.7,7.8,57.9,23,0.01594,0.00712,0.0077,7.00E-04,0.06543,0.06065,0.02067,4.24,-20.8,-13.6,16.1,0.0644,0.01543,0.00687,0.06368,0.01976,NA,NA,NA,8.29,15.46,-29.58,-2.7,31.8,207.9
105,F7,F,Korean_F7,dct_5_2_impol,dct,inf,1090.086,1097.6,95.3,257.7,2.76,21.5,12.8,8.7,59.1,22.9,0.01679,0.00763,0.0082,6.00E-04,0.07331,0.07125,0.0245,3.81,-17.2,-16.3,15,0.0792,0.01661,0.00752,0.07299,0.02438,NA,NA,NA,8.07,12,-29.24,-1.11,32.26,263.4
107,F8,F,Korean_F8,note_1_1_pol,not,pol,146.754,179.222,93,216.8,3.35,17.5,9.9,7.6,63.5,24.1,0.0171,0.00814,0.00782,9.00E-04,0.05734,0.04431,0.02266,12.26,-23.3,-18.4,19,0.045,0.01709,0.00814,0.05733,0.02265,NA,NA,NA,6.84,13.56,-39.82,0.29,36.65,205
108,F8,F,Korean_F8,note_1_2_impol,not,inf,214.582,259.642,93.6,231,3.58,19.2,10.2,9,65.3,27,0.01677,0.00731,0.00758,9.00E-04,0.05644,0.05122,0.0183,10.5,-17.3,-20.4,18.2,0.0535,0.01671,0.00729,0.05629,0.01821,NA,NA,NA,9.42,13.98,-36.84,0.96,31.8,214.1
109,F8,F,Korean_F8,note_2_1_impol,not,inf,297.524,362.605,93.9,228.5,4.32,19.2,2,17.2,65.7,33.4,0.01595,0.00683,0.00767,0.0011,0.05424,0.04721,0.01711,11.43,-14.4,-20.1,18.1,0.0584,0.01595,0.00683,0.05423,0.0171,NA,NA,NA,8.99,14.49,-36.4,0.72,32.41,259.3
110,F8,F,Korean_F8,note_2_2_pol,not,pol,401.589,459.368,94.3,236.8,3.3,19.2,10.2,9,65.9,29.9,0.01341,0.0057,0.0061,8.00E-04,0.04821,0.04218,0.01518,12.25,-15.8,-22.2,19.8,0.0417,0.01341,0.0057,0.04819,0.01517,NA,NA,NA,7.53,14.09,-38.13,0.39,35.61,224.4
111,F8,F,Korean_F8,dct_1_1_pol,dct,pol,495.491,517.476,92.9,219.3,2.44,17.5,11,6.5,62,27.3,0.01419,0.00602,0.00677,7.00E-04,0.04971,0.04555,0.01433,12.66,-24.3,-17.3,20.8,0.0404,0.0141,0.00597,0.04961,0.01429,NA,NA,NA,3.84,11.75,-42.53,0.26,35.99,196.6
112,F8,F,Korean_F8,dct_1_2_impol,dct,inf,543.645,553.207,93.7,234.3,2.66,19.8,11.8,8.1,62.5,26.7,0.01612,0.00683,0.00804,7.00E-04,0.05718,0.05054,0.01665,1.53,-20.4,-19.1,18.8,0.0468,0.01612,0.00683,0.05718,0.01665,NA,NA,NA,6.08,17.18,-40.21,0,35.43,277.6
113,F8,F,Korean_F8,dct_2_1_pol,dct,pol,574.888,584.762,94.2,235.8,2.3,18.6,11.9,6.8,63.9,27.3,0.01316,0.00574,0.00629,6.00E-04,0.04589,0.04585,0.01394,13.15,-19,-22.8,20.5,0.038,0.01316,0.00574,0.0459,0.01394,NA,NA,NA,5.97,14,-38.6,0,34.36,230.5
114,F8,F,Korean_F8,dct_2_2_impol,dct,inf,615.757,622.979,95.7,241.8,5.53,20.9,2,19,63.5,29.5,0.01579,0.00807,0.00741,0.0014,0.0597,0.05679,0.02386,3,-17,-16.5,17.6,0.0525,0.01579,0.00807,0.05956,0.02378,NA,NA,NA,3.18,8.72,-31.46,-4.11,23.7,185.4
115,F8,F,Korean_F8,dct_3_1_pol,dct,pol,651.496,662.705,94.3,236.2,3.64,19.2,10.9,8.3,63.3,27.6,0.01509,0.0069,0.00703,9.00E-04,0.05104,0.04511,0.01668,10.29,-20.5,-20.3,19.8,0.044,0.01509,0.0069,0.05104,0.01668,NA,NA,NA,5.31,13.65,-39.05,0,33.83,189
116,F8,F,Korean_F8,dct_3_2_impol,dct,inf,732.106,736.671,97,252.1,6.35,21.7,1.8,19.9,66.4,30.1,0.01354,0.00621,0.00694,0.0015,0.06218,0.05062,0.02246,7.04,-11.5,-20.5,15.5,0.0618,0.01354,0.00621,0.06218,0.02246,NA,NA,NA,0.63,5.94,-24.77,0,24.94,109.2
117,F8,F,Korean_F8,dct_4_1_pol,dct,pol,763.134,769.877,95.9,249.6,4.59,20,1.3,18.7,64.5,19.8,0.01382,0.00699,0.00695,0.0011,0.04712,0.04148,0.01813,10.16,-17.6,-18.1,18.8,0.0366,0.01382,0.00699,0.04712,0.01813,NA,NA,NA,8.32,12.97,-31.06,0,26.36,104.4
118,F8,F,Korean_F8,dct_4_2_impol,dct,inf,791.013,795.304,95,242.1,3.98,19.6,6.9,12.7,66.6,28.1,0.01037,0.00414,0.00461,0.001,0.04605,0.04503,0.01461,8.32,-16.1,-22.4,19.9,0.0403,0.01012,0.00408,0.04565,0.01446,NA,NA,NA,3.96,15.54,-33.85,0,32.68,203.3
119,F8,F,Korean_F8,dct_5_1_pol,dct,pol,819.098,823.614,94.5,230.4,4.66,19.3,0.9,18.4,63.9,18.2,0.01698,0.00706,0.0071,0.0012,0.05974,0.0514,0.01835,12.85,-21.8,-18.4,18.3,0.0611,0.01691,0.00701,0.05957,0.0183,NA,NA,NA,4.83,10.52,-34.3,0,27.87,140
120,F8,F,Korean_F8,dct_5_2_impol,dct,inf,845.742,851.244,96.7,270.8,3.82,22.6,13.6,9,65.3,26.1,0.01267,0.00576,0.00583,9.00E-04,0.05325,0.05135,0.01416,1.42,-16.2,-18.5,19,0.0391,0.01267,0.00576,0.05325,0.01416,NA,NA,NA,6.07,8.56,-36.83,0,29.45,99
122,F9,F,Korean_F9,note_1_1_pol,not,pol,133.61,167.845,92.7,222.3,3.33,19,8.6,10.4,60.9,25.6,0.01673,0.00624,0.00745,9.00E-04,0.06044,0.05945,0.01875,9.61,-20.5,-16.3,17.5,0.0524,0.01659,0.00617,0.06032,0.0187,NA,NA,NA,8.89,14.75,-38.93,-0.43,41.63,221.8
123,F9,F,Korean_F9,note_1_2_impol,not,inf,196.604,248.977,95.1,260.1,4.78,23.7,8.9,14.8,63.8,28.9,0.01841,0.00728,0.00823,0.0011,0.06706,0.06956,0.02177,5,-18,-18.6,16,0.0703,0.01841,0.00728,0.06704,0.02175,NA,NA,NA,5.59,10.19,-34.17,0.15,34.45,300
124,F9,F,Korean_F9,note_2_1_impol,not,inf,277.962,332.892,95.3,261.7,5.21,24.4,8.1,16.4,63.6,31,0.02215,0.00887,0.0103,0.0012,0.07562,0.07644,0.02526,7.59,-15.1,-19.3,14.3,0.0928,0.02208,0.00882,0.07553,0.02521,NA,NA,NA,6.64,11.96,-30.74,0.36,32.05,155.8
125,F9,F,Korean_F9,note_2_2_pol,not,pol,374.636,422.679,95.3,255.6,4.46,22.4,8.8,13.7,63.6,29.2,0.01821,0.0071,0.00858,0.0011,0.06874,0.06673,0.02347,7.42,-14.1,-18.6,15.8,0.0735,0.01818,0.00708,0.06874,0.02347,NA,NA,NA,7.52,11.83,-31.51,0.26,34.41,296.3
126,F9,F,Korean_F9,dct_1_1_pol,dct,pol,455.719,468.334,93,227.9,3.45,19.8,9.2,10.6,61.6,24.8,0.01918,0.00711,0.00785,9.00E-04,0.06251,0.06247,0.01881,11.03,-15.9,-18,16.1,0.0662,0.01918,0.00711,0.06252,0.0188,NA,NA,NA,8.99,14.07,-37.73,0,41.06,245.3
127,F9,F,Korean_F9,dct_1_2_impol,dct,inf,492.645,507.398,94.5,252,4.25,22,9.1,12.9,63,25.7,0.01833,0.00765,0.00854,0.001,0.07375,0.07482,0.02318,7.92,-15,-18.3,15.7,0.0769,0.01827,0.0076,0.07367,0.02316,NA,NA,NA,6.73,12.78,-33.99,-1.07,35.72,334.4
128,F9,F,Korean_F9,dct_2_1_pol,dct,pol,568.895,589.457,94.3,245.3,4.04,21.7,9.1,12.6,63.7,27.2,0.0171,0.0063,0.00752,0.001,0.06238,0.06395,0.01922,8.12,-15.6,-20.4,16.6,0.0676,0.01694,0.00623,0.06216,0.01913,NA,NA,NA,7.65,13.3,-30.5,0,34.51,193.9
129,F9,F,Korean_F9,dct_2_2_impol,dct,inf,670.781,674.297,97.4,283.4,3.28,22,12.4,9.6,64.5,25.6,0.01437,0.0072,0.00772,7.00E-04,0.06565,0.06619,0.02305,5.5,-17.7,-17.7,17.2,0.0627,0.01437,0.0072,0.06565,0.02305,NA,NA,NA,3.57,12.02,-34.47,0,31.9,215.7
130,F9,F,Korean_F9,dct_3_1_pol,dct,pol,710.846,716.64,95.7,246.9,3.47,20.3,9.9,10.4,64.4,24,0.01591,0.00544,0.00735,8.00E-04,0.06675,0.06923,0.0189,4.99,-16.6,-17.8,16.7,0.0569,0.01591,0.00544,0.06675,0.0189,NA,NA,NA,7.49,11.29,-37.34,0,37.71,219.9
131,F9,F,Korean_F9,dct_3_2_impol,dct,inf,735.271,740.724,98.7,301.8,3.86,24.4,12.4,12,65.7,21.8,0.01539,0.0058,0.00671,8.00E-04,0.06661,0.06839,0.02067,12.47,-16.7,-18.7,16,0.0542,0.01525,0.00574,0.06657,0.02064,NA,NA,NA,5.83,9.98,-34.96,0,34.23,227
132,F9,F,Korean_F9,dct_4_1_pol,dct,pol,763.609,766.921,98.2,300.4,4.67,24.5,11.8,12.7,67.8,22.5,0.01574,0.00578,0.00653,9.00E-04,0.06084,0.06607,0.01757,12.18,-14.8,-14.6,16.1,0.0776,0.01574,0.00578,0.06084,0.01757,NA,NA,NA,-1.64,-1.27,-30.03,0,22.3,210.4
133,F9,F,Korean_F9,dct_4_2_impol,dct,inf,793.329,795.805,98.7,281.3,4.59,23.5,9.9,13.5,66.6,18.8,0.0176,0.00632,0.00784,0.001,0.06314,0.06781,0.01932,4.04,-19.7,-14.4,15.6,0.0591,0.0176,0.00632,0.06314,0.01932,NA,NA,NA,2.58,5.93,-28.68,0,28.37,266.9
134,F9,F,Korean_F9,dct_5_1_pol,dct,pol,822.494,825.257,97.8,282.1,2.96,23.7,11.4,12.4,69.7,16.4,0.01157,0.00412,0.0052,6.00E-04,0.06234,0.06175,0.02122,1.91,-15.1,-23.2,17.1,0.0461,0.01157,0.00412,0.06234,0.02122,NA,NA,NA,6.28,13.66,-25.53,0,23.46,245.6
135,F9,F,Korean_F9,dct_5_2_impol,dct,inf,846.249,849.462,94.6,258.3,4.85,24.2,8.5,15.8,67.6,29.8,0.01315,0.004,0.00592,0.0011,0.07839,0.09106,0.02223,11.09,-23,-25.4,16.3,0.0702,0.01315,0.004,0.07839,0.02223,NA,NA,NA,0.06,5.33,-37.19,0,33.66,164.1
137,M1,M,Korean_M1,note_1_1_pol,not,pol,264.532,291.402,84.5,136.5,2.77,10,1.2,8.8,70.9,24.7,0.01804,0.00613,0.00862,0.0012,0.07265,0.07701,0.02278,5.89,-21.7,-18.8,17,0.0593,0.01804,0.00612,0.07262,0.02277,NA,NA,NA,4.7,18.59,-41.1,0,30.99,111.7
138,M1,M,Korean_M1,note_1_2_impol,not,inf,353.077,392.345,87.1,157.5,3.5,13.2,2.2,11,73.8,24.2,0.01829,0.0063,0.00787,0.0013,0.06776,0.06847,0.02102,7.37,-18.5,-23.2,16.3,0.0675,0.01822,0.00625,0.06753,0.02091,NA,NA,NA,6.86,15.19,-32.82,0,26.6,157.3
139,M1,M,Korean_M1,note_2_1_impol,not,inf,548.303,598.904,87.1,157.8,4.14,13.4,0.7,12.6,71.4,31.2,0.02151,0.0076,0.00994,0.0016,0.07398,0.07902,0.02215,6.72,-18,-25.5,15.3,0.0845,0.02136,0.00752,0.07383,0.02202,NA,NA,NA,8.83,14.71,-34.8,0,26.95,194.2
140,M1,M,Korean_M1,note_2_2_pol,not,pol,694.519,735.77,86.9,160.3,4.37,13.2,1.3,11.9,71.1,31.1,0.0176,0.00628,0.00799,0.0016,0.07141,0.07111,0.02052,8.3,-17.6,-24.5,16.7,0.0664,0.0174,0.00621,0.07115,0.0204,NA,NA,NA,7.07,17.05,-34.83,0.99,29.51,88.3
141,M1,M,Korean_M1,dct_1_1_pol,dct,pol,917.313,935.792,84.7,139,3.44,10.7,0.8,9.9,66.6,27.9,0.01744,0.00593,0.00714,0.0015,0.07544,0.07653,0.02297,7.69,-19.7,-18.7,16.4,0.0714,0.01737,0.00588,0.07542,0.02299,NA,NA,NA,7.8,15.85,-40.51,0,32.92,106.3
142,M1,M,Korean_M1,dct_1_2_impol,dct,inf,1022.748,1040.394,84.2,137.3,3.93,10.7,-0.3,11.1,69.7,28.4,0.01994,0.00591,0.00778,0.0016,0.06592,0.06051,0.02133,9.52,-17.7,-23.5,15.6,0.0727,0.01972,0.00578,0.06561,0.02122,NA,NA,NA,6.49,12.89,-37.42,0,29.92,143.3
143,M1,M,Korean_M1,dct_2_1_pol,dct,pol,1116.271,1126.336,84.4,138.7,3.91,9,1.2,7.7,68.3,28.3,0.01879,0.00671,0.00857,0.0017,0.07648,0.08216,0.02221,11.62,-20.9,-19.1,17,0.0586,0.0183,0.00649,0.07581,0.02192,NA,NA,NA,8.87,16.26,-29.81,-1.47,27.8,124.6
144,M1,M,Korean_M1,dct_2_2_impol,dct,inf,1184.932,1192.123,87.5,157.1,3.64,12.4,0.5,11.8,74.3,26.4,0.01606,0.00383,0.00549,0.0014,0.06504,0.05652,0.01886,5.24,-16.4,-25.5,15.1,0.0746,0.01606,0.00383,0.06504,0.01886,NA,NA,NA,7.81,11.47,-32.07,0,24.7,164.2
145,M1,M,Korean_M1,dct_3_1_pol,dct,pol,1283.018,1293.266,84.1,137.4,4.35,10.5,0.2,10.2,67.8,27,0.02032,0.00706,0.00925,0.0018,0.08351,0.09118,0.02526,8.75,-21.3,-17,15.8,0.0722,0.01998,0.00685,0.08233,0.02491,NA,NA,NA,5.5,12.04,-36.68,-0.66,29.54,105.6
146,M1,M,Korean_M1,dct_3_2_impol,dct,inf,1336.707,1342.275,91.4,192.7,4.55,16.3,0.4,15.9,77.2,37.7,0.02041,0.00531,0.00737,0.0014,0.0787,0.07893,0.02157,3.68,-12.6,-24.1,14.6,0.0907,0.02041,0.00531,0.0787,0.02157,NA,NA,NA,9.29,14.96,-25.77,0,19.15,179.2
147,M1,M,Korean_M1,dct_4_1_pol,dct,pol,1404.075,1411.194,86,148.8,2.95,11.4,2,9.4,71,19,0.01524,0.00502,0.00728,0.0011,0.06463,0.07509,0.01823,6.91,-22.6,-19.2,19.2,0.0398,0.01524,0.00502,0.06463,0.01823,NA,NA,NA,9.84,19.2,-33.56,0,27.61,129.6
148,M1,M,Korean_M1,dct_4_2_impol,dct,inf,1466.587,1471.476,91,184.3,4.41,13.8,0.2,13.7,72.5,20,0.01639,0.00413,0.00532,0.0014,0.04578,0.04285,0.01272,3.42,-16.1,-24.7,17.9,0.0619,0.01626,0.00406,0.04551,0.01262,NA,NA,NA,9.55,16.55,-31.35,3.06,26.36,165.5
149,M1,M,Korean_M1,dct_5_1_pol,dct,pol,1605.967,1614.714,82.9,124.7,2.82,6.5,0.2,6.2,67.6,24.8,0.02051,0.00701,0.00933,0.0014,0.08181,0.08613,0.02549,12.22,-23.9,-14.3,17,0.0595,0.02041,0.00701,0.08171,0.02547,NA,NA,NA,7.21,13.88,-36.98,4.63,31.88,114.7
150,M1,M,Korean_M1,dct_5_2_impol,dct,inf,1693.013,1703.504,84.8,139.1,3.43,11.1,-0.7,11.8,70.6,21.2,0.01659,0.00378,0.00479,0.0015,0.05652,0.05541,0.01685,11.42,-19,-21.9,17.7,0.041,0.01659,0.00378,0.05652,0.01685,NA,NA,NA,12.68,15.99,-38.59,0,29.84,170
152,M2,M,Korean_M2,note_1_1_pol,not,pol,123.454,180.425,82.7,124.7,2.44,7.7,1.2,6.6,62.5,30.3,0.02116,0.0086,0.01026,0.0011,0.07151,0.06689,0.02211,8.16,-21.4,-17.4,16.9,0.0654,0.02113,0.0086,0.07141,0.02206,NA,NA,NA,6.48,13.67,-42.15,0,36.97,106.3
153,M2,M,Korean_M2,note_1_2_impol,not,inf,268.912,321.914,82.9,124.8,2.87,8.9,-0.2,9,63.4,30.2,0.02465,0.00928,0.01245,0.0013,0.07987,0.07834,0.02412,6.63,-20.6,-20.8,15.2,0.0806,0.02463,0.00928,0.07983,0.0241,NA,NA,NA,4.1,11.17,-38.59,0,31.23,96.4
154,M2,M,Korean_M2,note_2_1_impol,not,inf,394.831,438.042,83.3,130,3.59,9.2,-0.3,9.5,62.9,30.2,0.02964,0.01134,0.01436,0.0016,0.0844,0.08194,0.02547,7.32,-21.2,-20.8,14.6,0.0918,0.02945,0.01124,0.08404,0.0253,NA,NA,NA,3.65,11.57,-37.21,0.5,29.23,106.5
155,M2,M,Korean_M2,note_2_2_pol,not,pol,525.714,578.939,82.7,126.7,3.37,9.8,-0.6,10.4,62.9,31.3,0.0244,0.00901,0.01148,0.0016,0.07411,0.07125,0.0231,5.88,-20.7,-22.3,16.2,0.0738,0.02439,0.00901,0.07413,0.02309,NA,NA,NA,5.39,11.06,-39.38,0.36,31.27,102.9
156,M2,M,Korean_M2,dct_1_1_pol,dct,pol,730.381,759.247,81.7,117.8,2.6,6.2,0.4,5.8,60.3,31.5,0.02056,0.00827,0.01016,0.0013,0.07001,0.05555,0.02153,7.03,-23.6,-17.8,18,0.057,0.02049,0.00824,0.06981,0.02148,NA,NA,NA,3.63,13.5,-45.42,0,36.52,103.8
157,M2,M,Korean_M2,dct_1_2_impol,dct,inf,819.195,827.106,82.9,122.8,1.82,7.1,1.1,6,61.6,27.5,0.02659,0.01145,0.01312,9.00E-04,0.08123,0.08355,0.02585,5.12,-21.6,-18.8,16.2,0.0719,0.02659,0.01145,0.08123,0.02585,NA,NA,NA,6.76,16.31,-41.82,0,32.59,144.1
158,M2,M,Korean_M2,dct_2_1_pol,dct,pol,885.052,896.482,82.2,117.6,1.63,6.2,0.7,5.4,62.2,27.7,0.02337,0.01017,0.01275,8.00E-04,0.0756,0.08283,0.02271,7.28,-21.3,-21.5,16.8,0.0642,0.02337,0.01017,0.0756,0.02271,NA,NA,NA,5.86,11.31,-45.13,0,37.47,109.4
159,M2,M,Korean_M2,dct_2_2_impol,dct,inf,922.654,924.115,84.3,130.1,1.58,6.7,2.2,4.5,60.7,30.7,0.02147,0.00908,0.01219,7.00E-04,0.07845,0.07272,0.02372,0,-17.9,-20.6,15,0.0787,0.02147,0.00908,0.07845,0.02372,NA,NA,NA,8.26,20.51,-44.08,0,31.65,120
160,M2,M,Korean_M2,dct_3_1_pol,dct,pol,977.438,980.081,83.7,130.2,2.89,7.6,1.1,6.5,61.9,24,0.0216,0.00711,0.00915,0.0012,0.08757,0.08893,0.02644,0,-23.6,-18.6,16.5,0.062,0.0215,0.00707,0.08723,0.02634,NA,NA,NA,5.94,16.14,-36.48,2.77,30.17,114.1
161,M2,M,Korean_M2,dct_3_2_impol,dct,inf,1007.237,1008.983,84.9,136.1,1.84,8.9,2.6,6.3,63.5,24.7,0.02159,0.00792,0.0087,8.00E-04,0.07997,0.10577,0.02471,0,-21.6,-21.8,15,0.0713,0.02159,0.00792,0.07997,0.02471,NA,NA,NA,6.22,18.2,-41.07,4.19,30.25,119.2
162,M2,M,Korean_M2,dct_4_1_pol,dct,pol,1044.215,1047.792,84,131.9,2.48,8.6,1.3,7.2,62.8,20.3,0.02483,0.01193,0.01324,0.0011,0.07437,0.0901,0.02545,4.22,-23,-13.4,16.5,0.0814,0.02483,0.01193,0.07437,0.02545,NA,NA,NA,7.01,17.06,-42.02,0,30.94,129.2
163,M2,M,Korean_M2,dct_4_2_impol,dct,inf,1083.982,1085.31,86.1,143,1.86,8.6,3,5.5,63,14.4,0.02385,0.01186,0.01252,8.00E-04,0.07431,0.05001,0.02066,0,-23.3,-12.1,15.6,0.0855,0.02385,0.01186,0.07431,0.02066,NA,NA,NA,-1.03,19.35,-31.74,0,23.76,138.2
164,M2,M,Korean_M2,dct_5_1_pol,dct,pol,1145.331,1150.798,83.3,125.7,2.89,6.1,0.8,5.3,62.4,27.3,0.02167,0.00944,0.01127,0.0014,0.07141,0.0738,0.02562,12.94,-21.4,-21.1,16.6,0.0673,0.02152,0.00936,0.07139,0.02551,NA,NA,NA,6.88,12.93,-43.04,0,35.56,160.7
165,M2,M,Korean_M2,dct_5_2_impol,dct,inf,1203.722,1208.285,84,130.2,1.77,7.9,2.2,5.7,62.8,30.5,0.02106,0.00845,0.00908,9.00E-04,0.07339,0.08085,0.0236,9.06,-21.4,-20.9,16.8,0.0625,0.02106,0.00845,0.07339,0.0236,NA,NA,NA,6.47,14.15,-44.34,0,39.27,134.8
167,M3,M,Korean_M3,note_1_1_pol,not,pol,162.862,227.216,85.9,146.4,2.33,10.7,3.4,7.3,64.7,28.6,0.01964,0.00869,0.00894,9.00E-04,0.05939,0.06166,0.01823,5.85,-20.7,-17.6,18.3,0.0541,0.01964,0.00869,0.05938,0.01821,NA,NA,NA,4.76,17.59,-38.41,0.42,29.9,137.2
168,M3,M,Korean_M3,note_1_2_impol,not,inf,273.867,356.655,87.4,162.2,3.07,13.6,4.1,9.5,65.8,29.9,0.01886,0.00721,0.00818,0.0011,0.06608,0.07065,0.01906,5.41,-18.7,-18.8,17.2,0.0612,0.01883,0.00719,0.06599,0.01903,NA,NA,NA,5.95,15.92,-37.95,0,27.99,156.5
169,M3,M,Korean_M3,note_2_1_impol,not,inf,397.3,496.177,87.2,160.5,3.44,13.8,3.6,10.2,64.4,32,0.02012,0.00772,0.00867,0.0013,0.0693,0.0724,0.0203,3.73,-17.6,-19.1,16.6,0.0627,0.02005,0.00768,0.06913,0.02022,NA,NA,NA,5.4,14.29,-35.78,0.25,26.54,170.7
170,M3,M,Korean_M3,note_2_2_pol,not,pol,539.772,641.147,87.1,160.5,3.36,13.6,3.6,10,63.8,31.2,0.01993,0.00796,0.00843,0.0012,0.06745,0.07236,0.01989,4.19,-19,-18,17.2,0.0593,0.01991,0.00795,0.0673,0.01979,NA,NA,NA,5.36,15.17,-38.07,-0.61,29.2,157
171,M3,M,Korean_M3,dct_1_1_pol,dct,pol,680.767,754.898,85.9,148.3,2.69,11.6,3.2,8.4,63.3,30.9,0.01945,0.00701,0.00814,0.001,0.07206,0.07764,0.01857,3.82,-19.1,-15.8,17.3,0.0595,0.01944,0.00701,0.07206,0.01857,NA,NA,NA,4.98,17.44,-38.89,0.52,30.3,164.4
172,M3,M,Korean_M3,dct_1_2_impol,dct,inf,787.911,837.248,87.7,164.9,3.54,14.2,3.9,10.3,63.8,31.6,0.01868,0.00691,0.0078,0.0013,0.07966,0.08541,0.02257,6.08,-15.5,-18.9,16,0.0663,0.01868,0.00691,0.07944,0.02243,NA,NA,NA,5.39,15.28,-36.43,0.26,26.99,192.5
173,M3,M,Korean_M3,dct_2_1_pol,dct,pol,863.417,895.447,85.8,146.7,2.44,10.6,3.4,7.2,64.6,29.6,0.01884,0.0067,0.00829,0.001,0.07413,0.0906,0.01844,0.95,-19.4,-17.1,17.4,0.0575,0.01874,0.00665,0.07395,0.01837,NA,NA,NA,4.57,17.89,-38.89,0,29.42,142.4
174,M3,M,Korean_M3,dct_2_2_impol,dct,inf,920.872,948.398,86.2,153.6,4.01,12.2,2.3,9.9,61.2,28.3,0.02264,0.00879,0.0109,0.0015,0.08545,0.09725,0.02527,5.7,-20.4,-15,15.4,0.0739,0.02237,0.00867,0.08513,0.02502,NA,NA,NA,4.99,14.16,-32.86,0,28,153.7
175,M3,M,Korean_M3,dct_3_1_pol,dct,pol,980.522,1011.606,86.9,155.1,2.91,12.4,3.2,9.2,64.6,30.7,0.02038,0.00679,0.00862,0.0011,0.07953,0.09636,0.02173,4.06,-21.5,-15.5,16.9,0.0558,0.02038,0.00679,0.07953,0.02173,NA,NA,NA,5.42,20.45,-39.05,0.41,27.01,144.1
176,M3,M,Korean_M3,dct_3_2_impol,dct,inf,1029.662,1056.457,89.1,174.8,3.57,14.4,3.9,10.5,66.1,29,0.02072,0.00706,0.00864,0.0012,0.07701,0.08473,0.02238,5.78,-21,-16.8,16.8,0.0639,0.02072,0.00706,0.07684,0.02225,NA,NA,NA,3.32,14.92,-37.01,1.22,25.61,203.9
177,M3,M,Korean_M3,dct_4_1_pol,dct,pol,1088.662,1095.402,89.2,179.9,3.78,16.1,4.2,11.9,68.5,26.2,0.01383,0.00419,0.00527,0.0012,0.04621,0.04548,0.01285,6.34,-18,-15.2,19.4,0.0306,0.01383,0.00419,0.04621,0.01285,NA,NA,NA,6.23,12.41,-28.78,0,19.07,176.6
178,M3,M,Korean_M3,dct_4_2_impol,dct,inf,1119.163,1130.484,85.7,158.4,4.39,15.2,3.3,11.9,61,34.8,0.02733,0.01102,0.01119,0.0016,0.09068,0.10095,0.02807,5.35,-23.2,-14.3,15.3,0.083,0.02724,0.01098,0.09047,0.02801,NA,NA,NA,4.59,14.62,-39.66,0,33.17,199.6
179,M3,M,Korean_M3,dct_5_1_pol,dct,pol,1158.665,1185.467,86.2,151.5,2.87,11.5,3.2,8.4,66.5,29.1,0.01926,0.00695,0.00868,0.0011,0.06831,0.081,0.01876,6.34,-20.7,-17.2,16.9,0.0621,0.01913,0.00689,0.06827,0.01875,NA,NA,NA,5.64,18.46,-39.43,0,28,145.8
180,M3,M,Korean_M3,dct_5_2_impol,dct,inf,1207.411,1221.154,87.4,165.7,3.73,13.9,3.8,10.2,67.6,36.8,0.01828,0.00641,0.00732,0.0013,0.06054,0.0645,0.0209,5.76,-11.2,-20.8,16.8,0.0705,0.01828,0.00641,0.06054,0.0209,NA,NA,NA,8.34,18.51,-35.89,0,28.6,147.4
182,M4,M,Korean_M4,note_1_1_pol,not,pol,385.62,421.063,83.9,135.2,3.98,11.2,-0.9,12.1,67.7,28.7,0.01706,0.00525,0.0068,0.0017,0.0672,0.07899,0.01537,4.96,-21.5,-18.4,18.3,0.0432,0.01692,0.0052,0.06709,0.0153,NA,NA,NA,4.8,10.99,-35.53,-1.27,28.34,108.6
183,M4,M,Korean_M4,note_1_2_impol,not,inf,533.234,607.608,86.6,153.5,3.52,12.9,1.2,11.7,72.1,31.6,0.01496,0.00365,0.005,0.0013,0.0584,0.06475,0.01211,3.68,-18.8,-21.6,18.4,0.0377,0.01491,0.00363,0.0583,0.01209,NA,NA,NA,6.08,10.83,-31.67,0.28,23.67,133.2
184,M4,M,Korean_M4,note_2_1_impol,not,inf,633.522,709.34,87.3,156.5,3.26,12.6,1.5,11.1,72.3,33.5,0.01463,0.00389,0.00536,0.0012,0.05972,0.0585,0.0124,2.3,-18.5,-22,18.5,0.0399,0.01463,0.00389,0.05972,0.0124,NA,NA,NA,5.23,12.52,-32.66,-0.34,24.09,137.4
185,M4,M,Korean_M4,note_2_2_pol,not,pol,815.176,885.282,87.1,156.6,3.45,12.6,1.8,10.8,67.1,35,0.01409,0.00377,0.00494,0.0013,0.06109,0.06168,0.01256,4.29,-18.3,-22.9,18.4,0.0412,0.01407,0.00375,0.06105,0.01255,NA,NA,NA,6.71,13.02,-33.25,0.07,26.42,124.6
186,M4,M,Korean_M4,dct_1_1_pol,dct,pol,954.482,982.199,83.6,130.9,3.37,9.9,-0.8,10.7,60.5,31.9,0.01787,0.00521,0.00652,0.0015,0.06413,0.07335,0.01411,4.53,-20.2,-20.8,18.4,0.0431,0.01787,0.00521,0.06413,0.01411,NA,NA,NA,5.48,11.83,-37.1,0,30.1,99.7
187,M4,M,Korean_M4,dct_1_2_impol,dct,inf,1094.26,1111.873,85.3,144.5,3.37,11.4,0.9,10.5,64.5,29.8,0.0175,0.00367,0.0051,0.0014,0.05941,0.064,0.01231,4.68,-19.1,-20.4,17.9,0.0392,0.0175,0.00367,0.05941,0.01231,NA,NA,NA,6.23,12.31,-34.77,0,27.36,141.3
188,M4,M,Korean_M4,dct_2_1_pol,dct,pol,1156.106,1164.287,92.1,203.6,3.84,17.8,5.9,11.9,72.1,30.1,0.01365,0.00327,0.00396,0.0011,0.04464,0.04385,0.0109,4.08,-13.7,-26.1,19.4,0.0332,0.01365,0.00327,0.04464,0.0109,NA,NA,NA,2.14,12.65,-36.24,0,26.07,157.3
189,M4,M,Korean_M4,dct_2_2_impol,dct,inf,1197.109,1204.853,83.9,133.6,3.54,11.1,-1.1,12.2,66.5,19,0.01608,0.00377,0.00595,0.0016,0.08241,0.09665,0.0197,2.38,-21.1,-21.6,16.8,0.0423,0.01608,0.00377,0.08257,0.01962,NA,NA,NA,9.03,10.36,-34.03,0,28.85,114.8
190,M4,M,Korean_M4,dct_3_1_pol,dct,pol,1282.104,1297.602,83.3,126.4,2.91,10,-1,11.1,63.1,32,0.0172,0.00454,0.00551,0.0014,0.06691,0.0791,0.01562,4.88,-19.4,-20.9,18.4,0.0428,0.0172,0.00454,0.06697,0.01562,NA,NA,NA,4.57,12.46,-38.67,-0.67,31.55,95.9
191,M4,M,Korean_M4,dct_3_2_impol,dct,inf,1324.201,1328.777,93.4,210.4,3.95,16.7,3.3,13.4,70.1,22.9,0.01394,0.00324,0.00433,0.0011,0.05688,0.05968,0.01289,5.18,-16.1,-24.3,18.5,0.0336,0.01394,0.00324,0.05688,0.01289,NA,NA,NA,10.17,18.94,-29.85,0,26.67,200.3
192,M4,M,Korean_M4,dct_4_1_pol,dct,pol,1355.757,1364.543,91.5,194.9,3.99,16.2,1.7,14.6,69.7,24.8,0.01356,0.0029,0.00409,0.0012,0.05027,0.05672,0.01088,0.03,-19.3,-17.2,19,0.0316,0.01356,0.0029,0.05027,0.01088,NA,NA,NA,4.03,22.04,-29.15,0,21.66,152.4
193,M4,M,Korean_M4,dct_4_2_impol,dct,inf,1406.189,1416.571,87.6,173.1,4.29,16.1,3.5,12.6,66.9,25.6,0.0205,0.00534,0.00673,0.0015,0.06322,0.05607,0.01423,2.62,-19.9,-15.3,17.3,0.0591,0.0205,0.00534,0.06322,0.01423,NA,NA,NA,3.04,20.65,-28.93,0,22.21,158.5
194,M4,M,Korean_M4,dct_5_1_pol,dct,pol,1452.046,1464.212,83.7,125.5,2.1,7.2,0.4,6.8,65.2,23.7,0.01707,0.0052,0.00709,0.001,0.07423,0.08259,0.01914,9.92,-20.7,-23.3,16.9,0.0461,0.01707,0.0052,0.07423,0.01914,NA,NA,NA,5.59,12.27,-41.04,-0.25,31.01,105.3
195,M4,M,Korean_M4,dct_5_2_impol,dct,inf,1494.928,1500.958,87.9,160.4,3.97,13,0.1,12.9,69.9,21.6,0.01614,0.00347,0.00549,0.0015,0.0571,0.06798,0.01321,5.03,-18.7,-22.7,17.7,0.0477,0.01614,0.00347,0.0571,0.01321,NA,NA,NA,9.57,12.66,-35.44,0,28.78,103.1
197,M5,M,Korean_M5,note_1_1_pol,not,pol,259.48,324.633,79.1,100.9,2.88,5.1,-4,9.1,66.2,26.1,0.02382,0.00774,0.01098,0.0017,0.06843,0.07197,0.01975,3.59,-19.7,-23,16.9,0.0659,0.0238,0.00774,0.06842,0.01974,NA,NA,NA,2.06,6.87,-34.74,0,28.72,89.9
198,M5,M,Korean_M5,note_1_2_impol,not,inf,462.198,553.331,80.3,108.2,3.36,6.7,-3.7,10.3,68.5,27.3,0.02324,0.00721,0.01048,0.0018,0.06869,0.07768,0.0194,4.12,-18,-23,15.7,0.077,0.02321,0.0072,0.06858,0.01934,NA,NA,NA,3,8.04,-30.38,-0.02,22.38,116.7
199,M5,M,Korean_M5,note_2_1_impol,not,inf,699.23,796.451,79.6,103.7,3.37,6.4,-4.2,10.6,67.7,29.5,0.027,0.00926,0.01227,0.0019,0.06956,0.0692,0.02044,3.57,-18.6,-22.9,15,0.0941,0.02699,0.00926,0.06951,0.0204,NA,NA,NA,1.67,6.07,-32.79,0.03,25.01,105
200,M5,M,Korean_M5,note_2_2_pol,not,pol,936.426,1035.274,79.8,105.6,3.5,6.7,-4.2,10.9,67.1,31.9,0.02486,0.00806,0.01093,0.002,0.06898,0.0736,0.02021,3.25,-18.6,-22.2,15.8,0.0772,0.0248,0.00806,0.06893,0.02019,NA,NA,NA,1.96,6.5,-32,0.03,25.45,93.4
201,M5,M,Korean_M5,dct_1_1_pol,dct,pol,1105.448,1149.49,77.8,94.4,2.95,4.4,-4.6,9,63.5,29.4,0.02349,0.00723,0.00906,0.0019,0.06462,0.07472,0.0187,4.27,-22,-21.2,17.5,0.0592,0.02349,0.00723,0.06462,0.0187,NA,NA,NA,0.7,6.8,-40.13,0.29,33.26,80.4
202,M5,M,Korean_M5,dct_1_2_impol,dct,inf,1206.804,1225.611,78.2,96.2,3.14,3.3,-4.2,7.5,66.3,25.8,0.02271,0.00717,0.0094,0.0019,0.07007,0.07678,0.02151,2.02,-19.9,-27.1,15.9,0.0741,0.02268,0.00716,0.07005,0.02148,NA,NA,NA,1.9,6.84,-38.21,-0.38,29.47,97.9
203,M5,M,Korean_M5,dct_2_1_pol,dct,pol,1283.618,1303.37,77.7,91.3,1.95,1.7,-4.4,6,64.7,25.7,0.02423,0.00781,0.01128,0.0013,0.08069,0.09052,0.02379,0.93,-23.3,-23.8,16.8,0.0598,0.02423,0.00781,0.08069,0.02379,NA,NA,NA,-2.48,5.18,-46.5,0,35.93,82.5
204,M5,M,Korean_M5,dct_2_2_impol,dct,inf,1351.395,1364.117,79.1,100.9,2.65,4.5,-4,8.6,65.8,27.3,0.02144,0.00628,0.00915,0.0016,0.07058,0.08013,0.02085,7.08,-21.4,-25.6,16.2,0.0614,0.02144,0.00628,0.07058,0.02085,NA,NA,NA,0.25,7.53,-39.04,0,32.04,103
205,M5,M,Korean_M5,dct_3_1_pol,dct,pol,1440.879,1458.262,78.7,100.7,3.57,4.2,-4.2,8.3,65.1,28.3,0.02614,0.00804,0.00992,0.0022,0.0787,0.10205,0.02161,3.62,-23.1,-21.1,16.9,0.0621,0.026,0.00795,0.07846,0.02152,NA,NA,NA,0.76,7.56,-42.46,1.5,34.85,81.7
206,M5,M,Korean_M5,dct_3_2_impol,dct,inf,1481.248,1491.911,82.1,114.7,2.91,5.8,-2.7,8.5,68.8,26.2,0.02074,0.00574,0.00785,0.0015,0.05589,0.05997,0.01637,4.06,-17.2,-20,15.7,0.0677,0.02074,0.00574,0.05602,0.01635,NA,NA,NA,4.99,7.03,-28.08,0,20.68,107.4
207,M5,M,Korean_M5,dct_4_1_pol,dct,pol,1548.552,1562.056,79.7,102.5,3,5.1,-4,9.1,65.6,25,0.02327,0.00763,0.01098,0.0018,0.06754,0.07897,0.01847,3.66,-21.9,-18.1,17.4,0.0602,0.02327,0.00763,0.06754,0.01847,NA,NA,NA,1,7.1,-42.96,0,36.35,82.8
208,M5,M,Korean_M5,dct_4_2_impol,dct,inf,1612.023,1622.402,79,102.2,3.42,6,-4.4,10.4,66.4,25.2,0.0252,0.00838,0.01145,0.002,0.06479,0.06573,0.01911,1.43,-21.7,-22.8,16.9,0.0698,0.02517,0.00836,0.06474,0.01911,NA,NA,NA,1.65,6.72,-35.11,0,29.67,134.3
209,M5,M,Korean_M5,dct_5_1_pol,dct,pol,1657.49,1676.678,77.4,91.1,2.61,2.6,-4.6,7.3,63.8,23.2,0.02705,0.00951,0.01259,0.0017,0.06781,0.07934,0.02184,2.24,-24.8,-26.4,17,0.0586,0.02699,0.00947,0.06761,0.0218,NA,NA,NA,-0.43,4.94,-40.89,0.76,33.11,78.8
210,M5,M,Korean_M5,dct_5_2_impol,dct,inf,1714.042,1727.722,77.6,94,2.94,3.6,-4.5,8.1,64.7,28.8,0.02421,0.00782,0.0102,0.0019,0.07079,0.06476,0.0195,3.2,-22.2,-26.1,16.7,0.0601,0.02416,0.00779,0.07068,0.01947,NA,NA,NA,-0.72,5.58,-38.79,0.82,32.91,86.4
212,M6,M,Korean_M6,note_1_1_pol,not,pol,319.136,360.225,79.8,110.4,3.78,6.5,-2.2,8.7,63.2,24.3,0.02771,0.01139,0.0128,0.002,0.08175,0.08415,0.02514,6.52,-28,-12.4,17.3,0.0682,0.02757,0.01133,0.08142,0.02495,NA,NA,NA,3.75,15.82,-45.96,1.75,34.37,101
213,M6,M,Korean_M6,note_1_2_impol,not,inf,476.427,512.299,80.7,118.6,4.64,7.6,-2.1,9.6,64.5,24.8,0.03,0.01257,0.01326,0.0023,0.08539,0.10607,0.02643,5.78,-26.4,-16.3,16.8,0.072,0.02964,0.01234,0.08445,0.02605,NA,NA,NA,3.2,12.27,-39.28,-2.19,29.83,116.7
214,M6,M,Korean_M6,note_2_1_impol,not,inf,573.594,636.579,80.7,115.2,4.22,7.6,-2.9,10.5,62.7,27.8,0.0343,0.01359,0.01546,0.0022,0.09011,0.08912,0.02794,5.75,-26.6,-18.5,16,0.0786,0.03423,0.01352,0.08952,0.02771,NA,NA,NA,5.44,13.89,-43.36,1.01,35.24,111.4
215,M6,M,Korean_M6,note_2_2_pol,not,pol,701.642,783.654,80.8,115.8,4.41,7.1,-2.9,10,62.7,25.8,0.03409,0.01441,0.01501,0.0023,0.08654,0.08849,0.02692,6.16,-27,-15.9,16.5,0.08,0.03397,0.01432,0.08613,0.02673,NA,NA,NA,4.17,12.76,-42.38,1.43,32.88,114.1
216,M6,M,Korean_M6,dct_1_1_pol,dct,pol,1069.673,1084.426,79.9,112.7,4.67,6.4,-2.7,9.1,62.5,26,0.03054,0.01337,0.01272,0.0024,0.08698,0.10119,0.02795,7.16,-28.7,-16.9,16.9,0.0725,0.03023,0.0132,0.0865,0.02775,NA,NA,NA,3.94,17.11,-41.65,-0.34,31.07,94.6
217,M6,M,Korean_M6,dct_1_2_impol,dct,inf,1139.29,1154.624,79.6,106,3.71,5.6,-2.9,8.5,60.7,25.1,0.03997,0.01831,0.01602,0.0021,0.11729,0.14041,0.04221,5.54,-27.6,-11.7,14.9,0.095,0.04002,0.01826,0.11683,0.04178,NA,NA,NA,5.23,15.5,-45.68,-0.51,36.78,116.2
218,M6,M,Korean_M6,dct_2_1_pol,dct,pol,1198.748,1214.406,79.7,107.2,3.59,4.4,-2.7,7,64,21.9,0.02651,0.01055,0.01337,0.002,0.11314,0.14854,0.03641,5.92,-28.2,-14,15.4,0.0743,0.02632,0.01043,0.11241,0.03615,NA,NA,NA,5.47,15.48,-42.74,0.72,30.09,127.2
219,M6,M,Korean_M6,dct_2_2_impol,dct,inf,1264.151,1268.902,80.5,125,6.4,5.1,-2.2,7.3,65.4,24.8,0.04409,0.01876,0.02215,0.0032,0.12254,0.16071,0.03516,7.91,-24,-15,12.9,0.1161,0.04358,0.01817,0.1208,0.0343,NA,NA,NA,6.53,13.27,-31.97,3.73,36.77,91.9
220,M6,M,Korean_M6,dct_3_1_pol,dct,pol,1318.414,1332.247,80.5,122,5.43,6.7,-2.1,8.8,61.4,25.2,0.03236,0.01408,0.01584,0.0027,0.09488,0.1021,0.03084,5.11,-26.5,-10.1,15.2,0.0939,0.03202,0.01394,0.09308,0.0303,NA,NA,NA,6.12,12.35,-37.93,-0.3,36.89,103.7
221,M6,M,Korean_M6,dct_3_2_impol,dct,inf,1357.078,1366.794,81.3,118.6,4.17,6.8,-1.2,8,61.8,26.4,0.03007,0.01217,0.01278,0.0019,0.09066,0.08898,0.03179,7.17,-27.9,-16,16.6,0.0722,0.02986,0.01209,0.08947,0.03054,NA,NA,NA,4.51,13.3,-45.07,0.05,37.84,127.7
222,M6,M,Korean_M6,dct_4_1_pol,dct,pol,1411.685,1418.01,81.9,123.8,4.36,8.7,-2,10.7,63.1,22.9,0.02712,0.01109,0.01339,0.0022,0.07642,0.08334,0.02305,11.06,-27.4,-10.9,17.7,0.0731,0.02672,0.01097,0.07643,0.02308,NA,NA,NA,5.89,16.26,-44.42,0,37.23,97.3
223,M6,M,Korean_M6,dct_4_2_impol,dct,inf,1445.845,1450.856,82.9,130.1,4.62,7.3,-1.4,8.7,62.8,20.9,0.02413,0.00982,0.01101,0.0021,0.07274,0.09043,0.02293,6.43,-25.7,-11.8,18.1,0.0463,0.02395,0.00973,0.0728,0.02305,NA,NA,NA,3.63,17.5,-32.79,0,33.9,152.9
224,M6,M,Korean_M6,dct_5_1_pol,dct,pol,1524.111,1536.068,79.4,107.1,4.07,5.1,-2.5,7.6,63.6,21.3,0.03128,0.01377,0.01487,0.0023,0.09954,0.10231,0.0329,7.19,-26.9,-15.1,15.2,0.0877,0.03106,0.01361,0.09804,0.03234,NA,NA,NA,5.18,11.88,-43.74,6.1,38.35,90.1
225,M6,M,Korean_M6,dct_5_2_impol,dct,inf,1567.61,1581.055,81.2,123.9,5.29,8.2,-1.7,9.8,62.7,25.5,0.03055,0.01292,0.01355,0.0026,0.08649,0.10322,0.02721,8.51,-27.2,-16.9,16.3,0.0742,0.02996,0.01245,0.08497,0.02655,NA,NA,NA,6.5,12.94,-42.13,1.4,38.2,100
227,M7,M,Korean_M7,note_1_1_pol,not,pol,224.989,279.558,79.7,105.1,3.11,6.1,-3.6,9.7,63.7,24.6,0.02353,0.00789,0.01145,0.0018,0.07665,0.09158,0.02361,5.16,-21.9,-17.7,15.5,0.0686,0.0235,0.00787,0.07657,0.02358,NA,NA,NA,3.94,8.58,-36.73,0.34,28.41,92.2
228,M7,M,Korean_M7,note_1_2_impol,not,inf,365.27,431.66,81.8,117.9,3.46,8.4,-2.6,11.1,66.2,24.5,0.02423,0.00824,0.01147,0.0017,0.07951,0.09727,0.02322,5.67,-20.4,-19.5,14.8,0.0769,0.02423,0.00823,0.07949,0.02322,NA,NA,NA,4.87,9.43,-33.33,-0.002,26.32,90.6
229,M7,M,Korean_M7,note_2_1_impol,not,inf,512.758,568.82,80.8,112.6,3.69,7.6,-3.4,11,62.8,28.9,0.02922,0.0108,0.01329,0.0019,0.08033,0.09473,0.02562,5.74,-21.4,-19.5,14.4,0.085,0.02919,0.01077,0.08015,0.02556,NA,NA,NA,4.61,9.84,-36.51,0.32,26.69,121.8
230,M7,M,Korean_M7,note_2_2_pol,not,pol,620.89,670.735,81.3,114.4,3.61,7.7,-3.5,11.2,64.3,26.6,0.02624,0.00952,0.01165,0.0019,0.07857,0.09522,0.02301,6.48,-21.5,-18.4,15.4,0.074,0.02623,0.00951,0.07855,0.02301,NA,NA,NA,5.46,10.57,-35.78,-0.17,26.67,84.9
231,M7,M,Korean_M7,dct_1_1_pol,dct,pol,713.657,735.296,77.9,94.4,2.85,3.6,-4.4,8,59.6,24.6,0.02759,0.01087,0.01268,0.0018,0.07991,0.0681,0.02488,5.02,-22.7,-16.9,15.9,0.0712,0.02755,0.01086,0.07979,0.02477,NA,NA,NA,2.94,8.02,-40.44,0.66,31.33,82.1
232,M7,M,Korean_M7,dct_1_2_impol,dct,inf,772.909,793.809,79.1,100.5,2.77,4.7,-3.8,8.5,60.8,24.8,0.02512,0.01016,0.01226,0.0016,0.08139,0.09147,0.02732,4.07,-21.5,-17.3,15.5,0.0696,0.02508,0.01014,0.08125,0.02729,NA,NA,NA,3.22,8.69,-38.53,-1.02,29.31,91.5
233,M7,M,Korean_M7,dct_2_1_pol,dct,pol,817.373,834.232,78,98.3,3.75,5.7,-4.5,10.2,60.7,26.2,0.02111,0.00813,0.01014,0.0023,0.076,0.09507,0.02286,2.25,-22.1,-18.1,16.6,0.0577,0.02093,0.00803,0.07583,0.02275,NA,NA,NA,0.8,5.59,-38.21,0,31.11,76.9
234,M7,M,Korean_M7,dct_2_2_impol,dct,inf,865.293,873.777,82.2,122,3.95,8.1,-1.4,9.4,60.8,21.8,0.02527,0.00967,0.0125,0.0019,0.09383,0.11588,0.03277,9.98,-22.9,-16,14.5,0.078,0.02527,0.00967,0.09383,0.03277,NA,NA,NA,9.5,13.58,-35.54,0.02,31.84,100.6
235,M7,M,Korean_M7,dct_3_1_pol,dct,pol,907.99,919.015,80.4,111.4,4.27,7.1,-3.8,10.9,61.4,25.2,0.02934,0.01141,0.01242,0.0024,0.08209,0.10428,0.02714,9.02,-20.3,-21,14.7,0.0886,0.02921,0.01135,0.08217,0.02716,NA,NA,NA,3.2,9.06,-37.46,-0.21,29.8,85.9
236,M7,M,Korean_M7,dct_3_2_impol,dct,inf,936.379,945.361,81.4,113.4,3.02,4.7,-1.8,6.5,62.7,26.6,0.02868,0.01173,0.01325,0.0015,0.09457,0.09987,0.03293,3.51,-21.2,-21.2,14.1,0.094,0.02861,0.01171,0.09457,0.03289,NA,NA,NA,2.93,8.97,-40.67,0.51,29.95,99
237,M7,M,Korean_M7,dct_4_1_pol,dct,pol,977.578,984.998,82.3,118.4,3.54,8.4,-3.2,11.6,63.1,21.3,0.02093,0.00767,0.00968,0.0018,0.06568,0.08299,0.02079,6.7,-21.3,-20.2,17.3,0.0496,0.02093,0.00767,0.06568,0.02079,NA,NA,NA,3.64,16.01,-33.99,0,25.08,91.6
238,M7,M,Korean_M7,dct_4_2_impol,dct,inf,1011.016,1017.103,82.5,126.6,4.06,9.9,-1.4,11.2,62.6,23.3,0.02632,0.0099,0.01227,0.0019,0.07775,0.09247,0.02508,1.97,-19.2,-22.9,15,0.0799,0.02609,0.00971,0.07737,0.02484,NA,NA,NA,4.74,12.14,-32.57,0,25.43,88.7
239,M7,M,Korean_M7,dct_5_1_pol,dct,pol,1042.994,1052.493,79.8,107.3,3.28,5.9,-2.9,8.8,63.4,22,0.02541,0.00774,0.01123,0.0019,0.07259,0.07258,0.02393,5.53,-24.6,-18.9,15.8,0.0648,0.02541,0.00774,0.07259,0.02393,NA,NA,NA,2.84,8.62,-37.71,0,27.46,91.1
240,M7,M,Korean_M7,dct_5_2_impol,dct,inf,1076.495,1081.437,79.3,101.6,3.5,2.4,-3.7,6.1,61.4,22.4,0.02626,0.01026,0.01179,0.0021,0.08011,0.08548,0.02923,1.88,-23.9,-19,15.2,0.0707,0.02623,0.01021,0.08015,0.0293,NA,NA,NA,2.68,8.76,-36.49,0,28.4,91.8